[{"Id":"01","descrip":"Accidente de trabajo"}, {"Id":"02","descrip":"Accidente de tr\u00e1nsito"}, {"Id":"03","descrip":"Accidente r\u00e1bico"}, {"Id":"04","descrip":"Accidente of\u00eddico"}, {"Id":"05","descrip":" Otro tipo de accidente"}, {"Id":"06","descrip":"Evento catastr\u00f3fico"}, {"Id":"07","descrip":"Lesi\u00f3n por agresi\u00f3n"}, {"Id":"08","descrip":"Lesi\u00f3n auto infligida"}, {"Id":"09","descrip":"Sospecha de maltrato f\u00edsico"}, {"Id":"10","descrip":"Sospecha de abuso sexual"}, {"Id":"11","descrip":"Sospecha de violencia sexual"}, {"Id":"12","descrip":"Sospecha de maltrato emocional"}, {"Id":"13","descrip":"Enfermedad general"}, {"Id":"14","descrip":"Enfermedad laboral"}, {"Id":"15","descrip":"Otra"}]
