[{"Id":"890201","descripcion":"CONSULTA DE PRIMERA VEZ POR MEDICINA GENERAL"}, {"Id":"890202","descripcion":"CONSULTA DE PRIMERA VEZ POR MEDICINA ESPECIALIZADA"}, {"Id":"890203","descripcion":"CONSULTA DE PRIMERA VEZ POR ODONTOLOGIA GENERAL"}, {"Id":"890204","descripcion":"CONSULTA DE PRIMERA VEZ POR ODONTOLOGIA ESPECIALIZADA"}, {"Id":"890205","descripcion":"CONSULTA DE PRIMERA VEZ POR ENFERMERIA"}, {"Id":"890206","descripcion":"CONSULTA DE PRIMERA VEZ POR NUTRICION Y DIETETICA"}, {"Id":"890207","descripcion":"CONSULTA DE PRIMERA VEZ POR OPTOMETRIA"}, {"Id":"890208","descripcion":"CONSULTA DE PRIMERA VEZ POR PSICOLOGIA"}, {"Id":"890209","descripcion":"CONSULTA DE PRIMERA VEZ POR TRABAJO SOCIAL"}, {"Id":"890210","descripcion":"CONSULTA DE PRIMERA VEZ POR FONIATRIA Y FONOAUDIOLOGIA +"}, {"Id":"890211","descripcion":"CONSULTA DE PRIMERA VEZ POR FISIOTERAPIA"}, {"Id":"890212","descripcion":"CONSULTA DE PRIMERA VEZ POR TERAPIA RESPIRATORIA"}, {"Id":"890213","descripcion":"CONSULTA DE PRIMERA VEZ POR TERAPIA OCUPACIONAL"}, {"Id":"890214","descripcion":"CONSULTA DE PRIMERA VEZ POR TERAPIAS ALTERNATIVAS"}, {"Id":"890215","descripcion":"CONSULTA DE PRIMERA VEZ POR EQUIPO INTERDISCIPLINARIO"}, {"Id":"890301","descripcion":"CONSULTA DE CONTROL O DE SEGUIMIENTO POR MEDICINA GE-NERAL +"}, {"Id":"890302","descripcion":"CONSULTA DE CONTROL O DE SEGUIMIENTO POR MEDICINA ESPECIALIZADA"}, {"Id":"890303","descripcion":"CONSULTA DE CONTROL O DE SEGUIMIENTO POR ODONTOLOGIA GENERAL +"}, {"Id":"890304","descripcion":"CONSULTA DE CONTROL O DE SEGUIMIENTO POR ODONTOLOGIA ESPECIALIZA"}, {"Id":"890305","descripcion":"CONSULTA DE CONTROL O DE SEGUIMIENTO POR ENFERMERIA +"}, {"Id":"890306","descripcion":"CONSULTA DE CONTROL O DE SEGUIMIENTO POR NUTRICION Y DIETETICA +"}, {"Id":"890307","descripcion":"CONSULTA DE CONTROL O DE SEGUIMIENTO POR OPTOMETRIA +"}, {"Id":"890308","descripcion":"CONSULTA DE CONTROL O DE SEGUIMIENTO POR PSICOLOGIA +"}, {"Id":"890309","descripcion":"CONSULTA DE CONTROL O DE SEGUIMIENTO POR TRABAJO SOCIAL"}, {"Id":"890310","descripcion":"CONSULTA DE CONTROL O DE SEGUIMIENTO POR FONIATRIA Y FONOAUDIOLO"}, {"Id":"890311","descripcion":"CONSULTA DE CONTROL O DE SEGUIMIENTO POR FISIOTERAPIA +"}, {"Id":"890312","descripcion":"CONSULTA DE CONTROL O DE SEGUIMIENTO POR TERAPIA RESPIRATORIA +"}, {"Id":"890313","descripcion":"CONSULTA DE CONTROL O DE SEGUIMIENTO POR TERAPIA OCUPACIONAL +"}, {"Id":"890314","descripcion":"CONSULTA DE CONTROL O DE SEGUIMIENTO POR TERAPIAS ALTERNATIVAS +"}, {"Id":"890315","descripcion":"CONSULTA INTEGRAL DE CONTROL O DE SEGUIMIENTO POR EQUIPO INTERDI"}, {"Id":"890701","descripcion":"CONSULTA DE URGENCIAS, POR MEDICINA GENERAL"}, {"Id":"890702","descripcion":"CONSULTA DE URGENCIAS, POR MEDICINA ESPECIALIZADA"}, {"Id":"890703","descripcion":"CONSULTA DE URGENCIAS, POR ODONTOLOGIA GENERAL"}, {"Id":"890704","descripcion":"CONSULTA DE URGENCIAS, POR ODONTOLOGIA ESPECIALIZADA"}]