[{"Id":"1","nombre":"Amazonas"}, {"Id":"2","nombre":"Anzoategui"}, {"Id":"3","nombre":"Apure"}, {"Id":"4","nombre":"Aragua"}, {"Id":"5","nombre":"Barinas"}, {"Id":"6","nombre":"Bolivar"}, {"Id":"7","nombre":"Carabobo"}, {"Id":"8","nombre":"Cojedes"}, {"Id":"9","nombre":"Delta Amacuro"}, {"Id":"10","nombre":"Falcon"}, {"Id":"11","nombre":"Guarico"}, {"Id":"12","nombre":"Lara"}, {"Id":"13","nombre":"Merida"}, {"Id":"14","nombre":"Miranda"}, {"Id":"15","nombre":"Monagas"}, {"Id":"16","nombre":"Nueva Esparta"}, {"Id":"17","nombre":"Portuguesa"}, {"Id":"18","nombre":"Sucre"}, {"Id":"19","nombre":"Tachira"}, {"Id":"20","nombre":"Trujillo"}, {"Id":"21","nombre":"Vargas"}, {"Id":"22","nombre":"Yaracuy"}, {"Id":"23","nombre":"Zulia"}, {"Id":"24","nombre":"Distrito Capital"}]
