[
    {"cod": "00000", "nombre": "Hospital Universitario Erasmo Meoz"},
    {"cod": "00001", "nombre": "Profamilia"},
    {"cod": "00002", "nombre": "Orientame"},
    {"cod": "00003", "nombre": "Mesa por la Vida"},
    {"cod": "00004", "nombre": "Unidad Básica Puente Barco Leones"},
    {"cod": "00005", "nombre": "Unidad Básica La Libertad"},
    {"cod": "00006", "nombre": "Unidad Básica Loma de Bolívar"},
    {"cod": "00007", "nombre": "Unidad Básica Comuneros"},
    {"cod": "00008", "nombre": "Otra"}
]