[{"Id":"377","nombre":"IPRATROPIO BROMURO"},{"Id":"378","nombre":"ISOFLURANO"},{"Id":"379","nombre":"ISOSORBIDE DINITRATO"},{"Id":"380","nombre":"ISOSORBIDE DINITRATO"},{"Id":"381","nombre":"KETAMINA (CLORHIDRATO)"},{"Id":"382","nombre":"KETOCONAZOL"},{"Id":"383","nombre":"KETOCONAZOL"},{"Id":"384","nombre":"KETOTIFENO"},{"Id":"385","nombre":"KETOTIFENO"},{"Id":"386","nombre":"LABETALOL"},{"Id":"387","nombre":"LACTATO RINGER (SOLUCION HARTMAN)"},{"Id":"388","nombre":"LAMIVUDINA"},{"Id":"389","nombre":"LAMIVUDINA"},{"Id":"390","nombre":"LAMIVUDINA + ZIDOVUDINA"},{"Id":"391","nombre":"LAMOTRIGINA"},{"Id":"392","nombre":"LAMOTRIGINA"},{"Id":"393","nombre":"LAMOTRIGINA"},{"Id":"394","nombre":"LATANOPROST"},{"Id":"395","nombre":"LEFLUNOMIDA"},{"Id":"396","nombre":"LEFLUNOMIDA"},{"Id":"397","nombre":"LEVODOPA + CARBIDOPA"},{"Id":"398","nombre":"LEVOMEPROMAZINA"},{"Id":"399","nombre":"LEVOMEPROMAZINA"},{"Id":"400","nombre":"LEVOMEPROMAZINA"},{"Id":"401","nombre":"LEVOMEPROMAZINA"},{"Id":"402","nombre":"LEVONORGESTREL"},{"Id":"403","nombre":"LEVONORGESTREL"},{"Id":"404","nombre":"LEVONORGESTREL "},{"Id":"405","nombre":"LEVONORGESTREL "},{"Id":"406","nombre":"LEVONORGESTREL + ETINILESTRADIOL"},{"Id":"407","nombre":"LEVONORGESTREL + ETINILESTRADIOL"},{"Id":"408","nombre":"LEVOTIROXINA SODICA"},{"Id":"409","nombre":"LEVOTIROXINA SODICA"},{"Id":"410","nombre":"LEVOTIROXINA SODICA + LIOTIRONINA"},{"Id":"411","nombre":"LIDOCAINA CLORHIDRATO"},{"Id":"412","nombre":"LIDOCAINA CLORHIDRATO"},{"Id":"413","nombre":"LIDOCAINA CLORHIDRATO"},{"Id":"414","nombre":"LIDOCAINA CLORHIDRATO + DEXTROSA (PESADA)"},{"Id":"415","nombre":"LIDOCAINA CLORHIDRATO CON O SIN EPINEFRINA"},{"Id":"416","nombre":"LIDOCAINA CLORHIDRATO CON O SIN EPINEFRINA"},{"Id":"417","nombre":"LIDOCAINA CLORHIDRATO CON O SIN EPINEFRINA"},{"Id":"418","nombre":"LITIO CARBONATO"},{"Id":"419","nombre":"LOPERAMIDA CLORHIDRATO"},{"Id":"420","nombre":"LOPINAVIR + RITONAVIR"},{"Id":"421","nombre":"LOPINAVIR + RITONAVIR"},{"Id":"422","nombre":"LOPINAVIR + RITONAVIR"},{"Id":"423","nombre":"LORATADINA"},{"Id":"424","nombre":"LORATADINA"},{"Id":"425","nombre":"LORAZEPAM"},{"Id":"426","nombre":"LORAZEPAM"},{"Id":"427","nombre":"LOSARTAN POTASICO"},{"Id":"428","nombre":"LOSARTAN POTASICO"},{"Id":"429","nombre":"LOSARTAN POTASICO - HIDROCLOROTIAZIDA"},{"Id":"430","nombre":"LOSARTAN POTASICO - HIDROCLOROTIAZIDA"},{"Id":"431","nombre":"LOVASTATINA"},{"Id":"432","nombre":"MAGNESIO SULFATO"},{"Id":"433","nombre":"MANITOL"},{"Id":"434","nombre":"MANITOL"},{"Id":"435","nombre":"MEBENDAZOL"},{"Id":"436","nombre":"MEBENDAZOL"},{"Id":"437","nombre":"MEDROXIPROGESTERONA + ESTRADIOL"},{"Id":"438","nombre":"MEDROXIPROGESTERONA ACETATO"},{"Id":"439","nombre":"MEDROXIPROGESTERONA ACETATO"},{"Id":"440","nombre":"MEGLUMINA DIATRIZOATO"},{"Id":"441","nombre":"MELFALAN"},{"Id":"442","nombre":"MEPERIDINA CLORHIDRATO"},{"Id":"443","nombre":"MERCAPTOPURINA"},{"Id":"444","nombre":"MEROPENEM"},{"Id":"445","nombre":"MEROPENEM"},{"Id":"446","nombre":"MESALAZINA"},{"Id":"447","nombre":"MESALAZINA"},{"Id":"448","nombre":"MESALAZINA"},{"Id":"449","nombre":"METADONA CLORHIDRATO"},{"Id":"450","nombre":"METADONA CLORHIDRATO"},{"Id":"451","nombre":"METADONA CLORHIDRATO "},{"Id":"452","nombre":"METFORMINA"},{"Id":"453","nombre":"METILFENIDATO"},{"Id":"454","nombre":"METILPREDNISOLONA (SUCCINATO SODICO)"},{"Id":"455","nombre":"METIMAZOL"},{"Id":"456","nombre":"METOCARBAMOL"},{"Id":"457","nombre":"METOCLOPRAMIDA (CLORHIDRATO)"},{"Id":"458","nombre":"METOCLOPRAMIDA (CLORHIDRATO)"},{"Id":"459","nombre":"METOCLOPRAMIDA (CLORHIDRATO)"},{"Id":"460","nombre":"METOPROLOL TARTRATO"},{"Id":"461","nombre":"METOPROLOL TARTRATO"},{"Id":"462","nombre":"METOPROLOL TARTRATO"},{"Id":"463","nombre":"METOTREXATO SODICO"},{"Id":"464","nombre":"METOTREXATO SODICO"},{"Id":"465","nombre":"METOTREXATO SODICO"},{"Id":"466","nombre":"METOTREXATO SODICO"},{"Id":"467","nombre":"METOXALENO"},{"Id":"468","nombre":"METRONIDAZOL"},{"Id":"469","nombre":"METRONIDAZOL"},{"Id":"470","nombre":"METRONIDAZOL"},{"Id":"3","nombre":"ACEITE DE RICINO"},{"Id":"4","nombre":"ACETAMINOFEN"},{"Id":"5","nombre":"ACETAMINOFEN"},{"Id":"7","nombre":"ACETAZOLAMIDA"},{"Id":"8","nombre":"ACETIL SALICILICO ACIDO"},{"Id":"9","nombre":"ACETIL SALICILICO ACIDO"},{"Id":"10","nombre":"ACETIL SALICILICO ACIDO"},{"Id":"11","nombre":"ACETILCISTEINA"},{"Id":"12","nombre":"ACETILCISTEINA"},{"Id":"13","nombre":"ACICLOVIR"},{"Id":"14","nombre":"ACICLOVIR"},{"Id":"15","nombre":"ACICLOVIR"},{"Id":"16","nombre":"ACIDOS GRASOS"},{"Id":"17","nombre":"AGUA ESTERIL PARA INYECCION "},{"Id":"18","nombre":"ALBENDAZOL"},{"Id":"19","nombre":"ALBENDAZOL"},{"Id":"20","nombre":"ALBUMINA HUMANA NORMAL"},{"Id":"21","nombre":"ALCOHOL ETILICO"},{"Id":"22","nombre":"ALENDRONICO ACIDO. "},{"Id":"23","nombre":"ALFAMETILDOPA"},{"Id":"24","nombre":"ALOPURINOL"},{"Id":"25","nombre":"ALOPURINOL"},{"Id":"26","nombre":"ALPRAZOLAM"},{"Id":"27","nombre":"ALPRAZOLAM"},{"Id":"28","nombre":"ALTEPLASA"},{"Id":"29","nombre":"ALUMINIO ACETATO"},{"Id":"30","nombre":"ALUMINIO HIDROXIDO"},{"Id":"31","nombre":"ALUMINIO HIDROXIDO"},{"Id":"32","nombre":"ALUMINIO HIDROXIDO + MAGNESIO HIDROXIDO CON O SIN SIMETICONA"},{"Id":"33","nombre":"ALUMINIO HIDROXIDO + MAGNESIO HIDROXIDO CON O SIN SIMETICONA"},{"Id":"34","nombre":"AMANTADINA SULFATO O CLORHIDRATO"},{"Id":"35","nombre":"AMIKACINA (SULFATO)"},{"Id":"36","nombre":"AMIKACINA (SULFATO)"},{"Id":"37","nombre":"AMINOACIDOS ESENCIALES CON O SIN ELECTROLITOS"},{"Id":"38","nombre":"AMINOACIDOS ESENCIALES CON O SIN ELECTROLITOS"},{"Id":"39","nombre":"AMINOFILINA"},{"Id":"40","nombre":"AMINOFILINA"},{"Id":"41","nombre":"AMIODARONA CLORHIDRATO"},{"Id":"42","nombre":"AMIODARONA CLORHIDRATO. "},{"Id":"43","nombre":"AMITRIPTILINA CLORHIDRATO"},{"Id":"44","nombre":"AMLODIPINO"},{"Id":"45","nombre":"AMOXICILINA"},{"Id":"46","nombre":"AMOXICILINA"},{"Id":"47","nombre":"AMOXICILINA"},{"Id":"48","nombre":"AMOXICILINA"},{"Id":"49","nombre":"AMOXICILINA - CLAVULANATO"},{"Id":"50","nombre":"AMOXICILINA - CLAVULANATO"},{"Id":"51","nombre":"AMOXICILINA - CLAVULANATO"},{"Id":"52","nombre":"AMOXICILINA - CLAVULANATO"},{"Id":"53","nombre":"AMOXICILINA - CLAVULANATO"},{"Id":"54","nombre":"AMOXICILINA - CLAVULANATO"},{"Id":"55","nombre":"AMPICILINA (SAL SODICA)"},{"Id":"56","nombre":"AMPICILINA (SAL SODICA)"},{"Id":"57","nombre":"AMPICILINA ANHIDRA O TRIHIDRATO"},{"Id":"58","nombre":"AMPICILINA ANHIDRA O TRIHIDRATO"},{"Id":"59","nombre":"AMPICILINA ANHIDRA O TRIHIDRATO"},{"Id":"60","nombre":"AMPICILINA SODICA + SULBACTAM SODICO"},{"Id":"61","nombre":"ANFOTERICINA B"},{"Id":"62","nombre":"ASCORBICO ACIDO"},{"Id":"63","nombre":"ASCORBICO ACIDO"},{"Id":"64","nombre":"ASCORBICO ACIDO"},{"Id":"65","nombre":"ASPARAGINASA"},{"Id":"66","nombre":"ATAZANAVIR"},{"Id":"67","nombre":"ATAZANAVIR"},{"Id":"68","nombre":"ATAZANAVIR"},{"Id":"69","nombre":"ATORVASTATINA"},{"Id":"70","nombre":"ATORVASTATINA"},{"Id":"71","nombre":"ATORVASTATINA"},{"Id":"72","nombre":"ATROPINA SULFATO"},{"Id":"73","nombre":"ATROPINA SULFATO"},{"Id":"74","nombre":"AZATIOPRINA"},{"Id":"75","nombre":"AZITROMICINA"},{"Id":"76","nombre":"AZITROMICINA"},{"Id":"77","nombre":"AZITROMICINA"},{"Id":"78","nombre":"AZTREONAM"},{"Id":"79","nombre":"AZUL DE METILENO"},{"Id":"80","nombre":"BARIO SULFATO"},{"Id":"81","nombre":"BECLOMETASONA DIPROPIONATO"},{"Id":"82","nombre":"BECLOMETASONA DIPROPIONATO"},{"Id":"83","nombre":"BECLOMETASONA DIPROPIONATO"},{"Id":"84","nombre":"BECLOMETASONA DIPROPIONATO"},{"Id":"85","nombre":"BENCILO BENZOATO"},{"Id":"86","nombre":"BETAMETASONA"},{"Id":"87","nombre":"BETAMETASONA"},{"Id":"88","nombre":"BETAMETASONA (FOSFATO DISODICO)"},{"Id":"89","nombre":"BETAMETASONA FOSFATO + BETAMETASONA ACETATO"},{"Id":"90","nombre":"BETAMETIL DIGOXINA"},{"Id":"91","nombre":"BETAMETIL DIGOXINA"},{"Id":"92","nombre":"BETAMETIL DIGOXINA"},{"Id":"93","nombre":"BIPERIDENO CLORHIDRATO"},{"Id":"94","nombre":"BIPERIDENO LACTATO"},{"Id":"95","nombre":"BISACODILO"},{"Id":"96","nombre":"BLEOMICINA (SULFATO)"},{"Id":"97","nombre":"BOSENTAN"},{"Id":"98","nombre":"BOSENTAN"},{"Id":"99","nombre":"BRIMONIDINA TARTRATO"},{"Id":"100","nombre":"BROMOCRIPTINA"},{"Id":"101","nombre":"BROMOCRIPTINA"},{"Id":"102","nombre":"BUPIVACAINA CLORHIDRATO CON O SIN EPINEFRINA"},{"Id":"103","nombre":"BUPIVACAINA CLORHIDRATO SIN PRESERVATIVOS"},{"Id":"104","nombre":"BUSULFAN "},{"Id":"105","nombre":"CALCIO CARBONATO"},{"Id":"106","nombre":"CALCIO CARBONATO + VITAMINA D"},{"Id":"107","nombre":"CALCIO GLUCONATO"},{"Id":"108","nombre":"CALCITRIOL"},{"Id":"109","nombre":"CALCITRIOL"},{"Id":"110","nombre":"CAPECITABINA"},{"Id":"111","nombre":"CAPTOPRIL"},{"Id":"112","nombre":"CAPTOPRIL"},{"Id":"113","nombre":"CARBAMAZEPINA"},{"Id":"114","nombre":"CARBAMAZEPINA"},{"Id":"115","nombre":"CARBON ACTIVADO"},{"Id":"116","nombre":"CARBOPLATINO"},{"Id":"117","nombre":"CARVEDILOL"},{"Id":"118","nombre":"CARVEDILOL"},{"Id":"119","nombre":"CARVEDILOL"},{"Id":"120","nombre":"CASPOFUNGINA"},{"Id":"121","nombre":"CASPOFUNGINA"},{"Id":"122","nombre":"CEFALEXINA"},{"Id":"123","nombre":"CEFALEXINA"},{"Id":"124","nombre":"CEFALEXINA"},{"Id":"125","nombre":"CEFALOTINA"},{"Id":"126","nombre":"CEFAZOLINA"},{"Id":"127","nombre":"CEFEPIMA"},{"Id":"128","nombre":"CEFEPIMA"},{"Id":"129","nombre":"CEFRADINA"},{"Id":"130","nombre":"CEFRADINA "},{"Id":"131","nombre":"CEFTRIAXONA (SAL SODICA)"},{"Id":"132","nombre":"CEFTRIAXONA (SAL SODICA)"},{"Id":"133","nombre":"CEFUROXIMA"},{"Id":"134","nombre":"CEFUROXIMA"},{"Id":"135","nombre":"CEFUROXIMA"},{"Id":"136","nombre":"CIANOCOBALAMINA"},{"Id":"137","nombre":"CICLOFOSFAMIDA"},{"Id":"138","nombre":"CICLOFOSFAMIDA"},{"Id":"139","nombre":"CICLOFOSFAMIDA"},{"Id":"140","nombre":"CICLOSPORINA"},{"Id":"141","nombre":"CICLOSPORINA"},{"Id":"142","nombre":"CICLOSPORINA"},{"Id":"143","nombre":"CICLOSPORINA"},{"Id":"144","nombre":"CICLOSPORINA "},{"Id":"145","nombre":"CIPROFLOXACINA (CLORHIDRATO)"},{"Id":"146","nombre":"CIPROFLOXACINA (CLORHIDRATO)"},{"Id":"147","nombre":"CIPROFLOXACINA (CLORHIDRATO)"},{"Id":"148","nombre":"CIPROTERONA ACETATO"},{"Id":"149","nombre":"CISPLATINO"},{"Id":"150","nombre":"CITARABINA"},{"Id":"151","nombre":"CITARABINA"},{"Id":"152","nombre":"CLARITROMICINA"},{"Id":"153","nombre":"CLARITROMICINA"},{"Id":"154","nombre":"CLARITROMICINA"},{"Id":"155","nombre":"CLARITROMICINA"},{"Id":"156","nombre":"CLINDAMICINA (FOSFATO)"},{"Id":"157","nombre":"CLINDAMICINA (FOSFATO)"},{"Id":"158","nombre":"CLODRONATO DISODICO. "},{"Id":"159","nombre":"CLONAZEPAM"},{"Id":"160","nombre":"CLONAZEPAM"},{"Id":"161","nombre":"CLONAZEPAM"},{"Id":"162","nombre":"CLONIDINA CLORHIDRATO. "},{"Id":"163","nombre":"CLOPIDOGREL"},{"Id":"164","nombre":"CLORAMBUCILO"},{"Id":"165","nombre":"CLORANFENICOL"},{"Id":"166","nombre":"CLORANFENICOL (ESTEARATO O PALMITATO)"},{"Id":"167","nombre":"CLORANFENICOL (SUCCINATO SODICO)"},{"Id":"168","nombre":"CLORANFENICOL SUCCINATO SODICO"},{"Id":"169","nombre":"CLORFENIRAMINA"},{"Id":"170","nombre":"CLORFENIRAMINA MALEATO"},{"Id":"171","nombre":"CLORHIDRATO DE SEVELAMER. "},{"Id":"172","nombre":"CLOTRIMAZOL"},{"Id":"173","nombre":"CLOTRIMAZOL"},{"Id":"174","nombre":"CLOTRIMAZOL"},{"Id":"175","nombre":"CLOTRIMAZOL"},{"Id":"176","nombre":"CLOZAPINA. "},{"Id":"177","nombre":"CLOZAPINA. "},{"Id":"178","nombre":"COLCHICINA"},{"Id":"179","nombre":"COLESTIRAMINA"},{"Id":"180","nombre":"COLISTINA + CORTICOIDE + NEOMICINA"},{"Id":"181","nombre":"CORTICOIDE"},{"Id":"182","nombre":"CORTICOIDE + NEOMICINA + POLIMIXINA"},{"Id":"183","nombre":"CORTICOIDE CON O SIN ANESTESICO"},{"Id":"184","nombre":"CORTICOIDE CON O SIN ANESTESICO"},{"Id":"185","nombre":"CROMOGLICATO DE SODIO"},{"Id":"186","nombre":"CROMOGLICATO DE SODIO"},{"Id":"187","nombre":"CROMOGLICATO DE SODIO"},{"Id":"188","nombre":"CROMOGLICATO DE SODIO "},{"Id":"189","nombre":"CROTAMITON"},{"Id":"190","nombre":"DACARBAZINA"},{"Id":"191","nombre":"DANAZOL"},{"Id":"192","nombre":"DEFEROXAMINA MESILATO"},{"Id":"193","nombre":"DESMOPRESINA ACETATO"},{"Id":"194","nombre":"DEXAMETASONA (ACETATO)"},{"Id":"195","nombre":"DEXAMETASONA (FOSFATO)"},{"Id":"196","nombre":"DEXTROSA + SODIO CLORURO"},{"Id":"197","nombre":"DEXTROSA 10% EN AGUA DESTILADA"},{"Id":"198","nombre":"DEXTROSA 33%EN AGUA DESTILADA"},{"Id":"199","nombre":"DEXTROSA 5% EN AGUA DESTILADA"},{"Id":"200","nombre":"DEXTROSA 50% EN AGUA DESTILADA"},{"Id":"201","nombre":"DIAZEPAM"},{"Id":"202","nombre":"DIAZEPAM"},{"Id":"203","nombre":"DIAZEPAM"},{"Id":"204","nombre":"DIAZOXIDO"},{"Id":"205","nombre":"DICLOFENACO SODICO"},{"Id":"206","nombre":"DICLOFENACO SODICO"},{"Id":"207","nombre":"DICLOXACILINA"},{"Id":"208","nombre":"DICLOXACILINA"},{"Id":"209","nombre":"DICLOXACILINA"},{"Id":"210","nombre":"DICLOXACILINA"},{"Id":"211","nombre":"DIDANOSINA"},{"Id":"212","nombre":"DIDANOSINA  "},{"Id":"213","nombre":"DIDANOSINA  "},{"Id":"214","nombre":"DIFENHIDRAMINA"},{"Id":"215","nombre":"DIFENHIDRAMINA"},{"Id":"216","nombre":"DIFENHIDRAMINA"},{"Id":"217","nombre":"DIHIDROCODEINA BITARTRATO"},{"Id":"218","nombre":"DIHIDROCODEINA BITARTRATO"},{"Id":"219","nombre":"DIHIDROERGOTOXINA MESILATO"},{"Id":"220","nombre":"DIMENHIDRINATO"},{"Id":"221","nombre":"DINOPROSTONA"},{"Id":"222","nombre":"DIPIRONA "},{"Id":"223","nombre":"DOBUTAMINA"},{"Id":"224","nombre":"DOPAMINA CLORHIDRATO"},{"Id":"225","nombre":"DOXAZOSINA"},{"Id":"226","nombre":"DOXAZOSINA"},{"Id":"227","nombre":"DOXICICLINA"},{"Id":"228","nombre":"DOXORRUBICINA"},{"Id":"229","nombre":"DOXORRUBICINA CLORHIDRATO"},{"Id":"230","nombre":"EDETATO DE SODIO Y CALCIO"},{"Id":"231","nombre":"EFAVIRENZ"},{"Id":"232","nombre":"EFAVIRENZ"},{"Id":"233","nombre":"EFAVIRENZ"},{"Id":"234","nombre":"ENALAPRIL MALEATO"},{"Id":"235","nombre":"ENALAPRIL MALEATO"},{"Id":"236","nombre":"ENFLURANO"},{"Id":"237","nombre":"ENTACAPONA / CARVIDOPA / LEVODOPA"},{"Id":"238","nombre":"ENTACAPONA / CARVIDOPA / LEVODOPA"},{"Id":"239","nombre":"ENTACAPONA / CARVIDOPA / LEVODOPA"},{"Id":"240","nombre":"ENTACAPONA / CARVIDOPA / LEVODOPA"},{"Id":"241","nombre":"ENTACAPONA / CARVIDOPA / LEVODOPA"},{"Id":"242","nombre":"ENTACAPONA / CARVIDOPA / LEVODOPA"},{"Id":"243","nombre":"EPINEFRINA (TARTRATO O CLORHIDRATO)"},{"Id":"244","nombre":"ERGOMETRINA (ERGONOVINA) MALEATO "},{"Id":"245","nombre":"ERGOTAMINA + CAFEINA"},{"Id":"246","nombre":"ERITROMICINA (ETILSUCCINATO O ESTEARATO)"},{"Id":"247","nombre":"ERITROMICINA (ETILSUCCINATO O ESTEARATO)"},{"Id":"248","nombre":"ERITROPOYETINA  "},{"Id":"249","nombre":"ERITROPOYETINA  "},{"Id":"250","nombre":"ERITROPOYETINA  "},{"Id":"251","nombre":"ESOMEPRAZOL"},{"Id":"252","nombre":"ESOMEPRAZOL"},{"Id":"253","nombre":"ESOMEPRAZOL"},{"Id":"254","nombre":"ESOMEPRAZOL"},{"Id":"255","nombre":"ESPIRAMICINA"},{"Id":"256","nombre":"ESPIRONOLACTONA"},{"Id":"257","nombre":"ESPIRONOLACTONA"},{"Id":"258","nombre":"ESTAVUDINA"},{"Id":"259","nombre":"ESTAVUDINA"},{"Id":"260","nombre":"ESTAVUDINA"},{"Id":"261","nombre":"ESTRADIOL"},{"Id":"262","nombre":"ESTRADIOL VALERATO"},{"Id":"263","nombre":"ESTREPTOQUINASA"},{"Id":"264","nombre":"ESTREPTOQUINASA "},{"Id":"265","nombre":"ESTROGENOS CONJUGADOS"},{"Id":"266","nombre":"ESTROGENOS CONJUGADOS"},{"Id":"267","nombre":"ESTROGENOS CONJUGADOS O ASOCIADOS"},{"Id":"268","nombre":"ESTROGENOS CONJUGADOS O ASOCIADOS"},{"Id":"269","nombre":"ETANERCEPT"},{"Id":"270","nombre":"ETANERCEPT"},{"Id":"271","nombre":"ETOPOSIDO"},{"Id":"272","nombre":"ETOSUXIMIDA"},{"Id":"273","nombre":"FACTOR ANTIHEMOFILICO"},{"Id":"274","nombre":"FACTOR ANTIHEMOFILICO"},{"Id":"275","nombre":"FENITOINA SODICA"},{"Id":"276","nombre":"FENITOINA "},{"Id":"277","nombre":"FENITOINA SODICA"},{"Id":"278","nombre":"FENOBARBITAL"},{"Id":"279","nombre":"FENOBARBITAL"},{"Id":"280","nombre":"FENOBARBITAL"},{"Id":"281","nombre":"FENOBARBITAL"},{"Id":"282","nombre":"FENOBARBITAL SODICO"},{"Id":"283","nombre":"FENOBARBITAL SODICO"},{"Id":"284","nombre":"FENTANILO CITRATO"},{"Id":"285","nombre":"FENTANILO CITRATO"},{"Id":"286","nombre":"FENTOLAMINA"},{"Id":"287","nombre":"FISOSTIGMINA SALICILATO"},{"Id":"288","nombre":"FITOMENADIONA (VITAMINA K1)"},{"Id":"289","nombre":"FLUCONAZOL"},{"Id":"290","nombre":"FLUCONAZOL"},{"Id":"291","nombre":"FLUCONAZOL"},{"Id":"292","nombre":"FLUORESCEINA SODICA"},{"Id":"293","nombre":"FLUOROMETOLONA"},{"Id":"294","nombre":"FLUOROURACILO"},{"Id":"295","nombre":"FLUOROURACILO"},{"Id":"296","nombre":"FLUOXETINA"},{"Id":"297","nombre":"FLUOXETINA"},{"Id":"298","nombre":"FOLICO ACIDO"},{"Id":"299","nombre":"FOLINATO DE CALCIO"},{"Id":"300","nombre":"FOLINATO DE CALCIO"},{"Id":"301","nombre":"FOSAMPRENAVIR"},{"Id":"302","nombre":"FRACCION PROTEICA DEL PLASMA HUMANO"},{"Id":"303","nombre":"FURAZOLIDONA"},{"Id":"304","nombre":"FURAZOLIDONA"},{"Id":"305","nombre":"FUROSEMIDA"},{"Id":"306","nombre":"FUROSEMIDA"},{"Id":"307","nombre":"GADOLINIO (GADOPENTETATO DE DIMEGLUMINA Y/O GADOTERATO DE MEGLUMINA)"},{"Id":"308","nombre":"GELATINA ABSORBIBLE ESTERIL"},{"Id":"309","nombre":"GEMCITABINA"},{"Id":"310","nombre":"GEMCITABINA"},{"Id":"311","nombre":"GEMFIBROZIL"},{"Id":"312","nombre":"GENTAMICINA (SULFATO)"},{"Id":"313","nombre":"GENTAMICINA (SULFATO)"},{"Id":"314","nombre":"GENTAMICINA (SULFATO)"},{"Id":"315","nombre":"GENTAMICINA (SULFATO)"},{"Id":"316","nombre":"GENTAMICINA (SULFATO)"},{"Id":"317","nombre":"GENTAMICINA (SULFATO)"},{"Id":"318","nombre":"GLIBENCLAMIDA"},{"Id":"319","nombre":"GLICERINA"},{"Id":"320","nombre":"GLUCAGON"},{"Id":"321","nombre":"GLUCONATO DE POTASIO"},{"Id":"322","nombre":"GONADOTROPINA CORIONICA. "},{"Id":"323","nombre":"HALOPERIDOL"},{"Id":"324","nombre":"HALOPERIDOL"},{"Id":"325","nombre":"HALOPERIDOL"},{"Id":"326","nombre":"HALOPERIDOL"},{"Id":"327","nombre":"HALOTANO"},{"Id":"328","nombre":"HEPARINA DE BAJO PESO MOLECULAR"},{"Id":"329","nombre":"HEPARINA SODICA"},{"Id":"330","nombre":"HIDRALAZINA CLORHIDRATO"},{"Id":"331","nombre":"HIDROCLOROTIAZIDA"},{"Id":"332","nombre":"HIDROCORTISONA (ACETATO)"},{"Id":"333","nombre":"HIDROCORTISONA (ACETATO)"},{"Id":"334","nombre":"HIDROCORTISONA (SUCCINATO SODICO)"},{"Id":"335","nombre":"HIDROMORFONA CLORHIDRATO"},{"Id":"336","nombre":"HIDROMORFONA CLORHIDRATO "},{"Id":"337","nombre":"HIDROMORFONA CLORHIDRATO "},{"Id":"338","nombre":"HIDROXICINA "},{"Id":"339","nombre":"HIDROXICOBALAMINA"},{"Id":"340","nombre":"HIDROXIPROGESTERONA CAPROATO"},{"Id":"341","nombre":"HIERRO (FERROSO) SULFATO ANHIDRO "},{"Id":"342","nombre":"HIERRO (FERROSO) SULFATO ANHIDRO "},{"Id":"343","nombre":"HIERRO PARENTERAL"},{"Id":"344","nombre":"HIOSCINA N-BUTIL BROMURO"},{"Id":"345","nombre":"HIOSCINA N-BUTIL BROMURO"},{"Id":"346","nombre":"HIOSCINA N-BUTIL BROMURO + DIPIRONA"},{"Id":"347","nombre":"IBANDRONICO ACIDO"},{"Id":"348","nombre":"IBOPAMINA CLORHIDRATO.  "},{"Id":"349","nombre":"IBUPROFENO"},{"Id":"350","nombre":"IBUPROFENO"},{"Id":"351","nombre":"IBUPROFENO"},{"Id":"352","nombre":"IMATINIB"},{"Id":"353","nombre":"IMATINIB"},{"Id":"354","nombre":"IMIPENEM + CILASTATINA"},{"Id":"355","nombre":"IMIPRAMINA CLORHIDRATO"},{"Id":"356","nombre":"IMIPRAMINA CLORHIDRATO"},{"Id":"357","nombre":"INDINAVIR"},{"Id":"358","nombre":"INDINAVIR"},{"Id":"359","nombre":"INMUNOGLOBULINA ANTI RH"},{"Id":"360","nombre":"INSULINA ASPARTA"},{"Id":"361","nombre":"INSULINA DETEMIR"},{"Id":"362","nombre":"INSULINA GLARGINA"},{"Id":"363","nombre":"INSULINA GLULISINA"},{"Id":"364","nombre":"INSULINA HUMANA"},{"Id":"365","nombre":"INSULINA LISPRO"},{"Id":"366","nombre":"INSULINA ZINC HUMANA, INSULINA HUMANA"},{"Id":"367","nombre":"INSULINA ZINC HUMANA, INSULINA HUMANA, INSULINA NPH"},{"Id":"368","nombre":"INSULINA ZINC HUMANA, INSULINA HUMANA, INSULINA ISOFANA"},{"Id":"369","nombre":"INTERFERON ALFA "},{"Id":"370","nombre":"IODOPOVIDONA"},{"Id":"371","nombre":"IOHEXOL"},{"Id":"372","nombre":"IOHEXOL O IOPAMIDOL "},{"Id":"373","nombre":"IOPAMIDOL"},{"Id":"374","nombre":"IOPROMIDA"},{"Id":"375","nombre":"IOTALAMATO DE MEGLUMINA"},{"Id":"376","nombre":"IOVERSOL"},{"Id":"471","nombre":"METRONIDAZOL "},{"Id":"472","nombre":"METRONIDAZOL (BENZOILO)"},{"Id":"473","nombre":"METRONIDAZOL (BENZOILO)"},{"Id":"474","nombre":"MICOFENOLATO"},{"Id":"475","nombre":"MICOFENOLATO"},{"Id":"476","nombre":"MICOFENOLATO"},{"Id":"477","nombre":"MICOFENOLATO"},{"Id":"478","nombre":"MICOFENOLATO"},{"Id":"479","nombre":"MICRONUTRIENTES INORGANICOS ESENCIALES - ELEMENTOS TRAZA"},{"Id":"480","nombre":"MICRONUTRIENTES ORGANICOS ESENCIALES – MULTIVITAMINAS"},{"Id":"481","nombre":"MIDAZOLAM"},{"Id":"482","nombre":"MIDAZOLAM"},{"Id":"483","nombre":"MIDAZOLAM"},{"Id":"484","nombre":"MILRINONA"},{"Id":"485","nombre":"MINOXIDIL"},{"Id":"486","nombre":"MORFINA"},{"Id":"487","nombre":"MORFINA"},{"Id":"488","nombre":"MORFINA CLORHIDRATO"},{"Id":"489","nombre":"NALOXONA CLORHIDRATO "},{"Id":"490","nombre":"NAPROXENO"},{"Id":"491","nombre":"NAPROXENO"},{"Id":"492","nombre":"NELFINAVIR"},{"Id":"493","nombre":"NELFINAVIR"},{"Id":"494","nombre":"NEOSTIGMINA METILSULFATO"},{"Id":"495","nombre":"NEVIRAPINA"},{"Id":"496","nombre":"NEVIRAPINA"},{"Id":"497","nombre":"NIFEDIPINA"},{"Id":"498","nombre":"NIMODIPINA"},{"Id":"499","nombre":"NIMODIPINA"},{"Id":"500","nombre":"NISTATINA"},{"Id":"501","nombre":"NISTATINA"},{"Id":"502","nombre":"NISTATINA"},{"Id":"503","nombre":"NISTATINA"},{"Id":"504","nombre":"NITROFURANTOINA"},{"Id":"505","nombre":"NITROFURANTOINA"},{"Id":"506","nombre":"NITROGLICERINA"},{"Id":"507","nombre":"NOREPINEFRINA"},{"Id":"508","nombre":"NORETINDRONA + ETINILESTRADIOL"},{"Id":"509","nombre":"NORFLOXACINA"},{"Id":"510","nombre":"OLANZAPINA"},{"Id":"511","nombre":"OLANZAPINA"},{"Id":"512","nombre":"OMEPRAZOL"},{"Id":"513","nombre":"OMEPRAZOL"},{"Id":"514","nombre":"OMEPRAZOL"},{"Id":"515","nombre":"ONDANSETRON "},{"Id":"516","nombre":"ONDANSETRON "},{"Id":"517","nombre":"OXACILINA (SAL SODICA) "},{"Id":"518","nombre":"OXICODONA"},{"Id":"519","nombre":"OXICODONA"},{"Id":"520","nombre":"OXICODONA"},{"Id":"521","nombre":"OXIGENO"},{"Id":"522","nombre":"OXIMETAZOLINA"},{"Id":"523","nombre":"OXIMETAZOLINA"},{"Id":"524","nombre":"OXITOCINA"},{"Id":"525","nombre":"OXITOCINA"},{"Id":"526","nombre":"PACLITAXEL"},{"Id":"527","nombre":"PACLITAXEL"},{"Id":"528","nombre":"PAMIDRONATO DISODICO"},{"Id":"529","nombre":"PANCURONIO BROMURO"},{"Id":"530","nombre":"PEGFILGRASTIM"},{"Id":"531","nombre":"PENICILAMINA"},{"Id":"532","nombre":"PENICILINA FENOXIMETILICA (Y SALES)"},{"Id":"533","nombre":"PENICILINA FENOXIMETILICA (Y SALES)"},{"Id":"534","nombre":"PENICILINA G BENZATINICA"},{"Id":"535","nombre":"PENICILINA G BENZATINICA"},{"Id":"536","nombre":"PENICILINA G PROCAINICA"},{"Id":"537","nombre":"PENICILINA G PROCAINICA"},{"Id":"538","nombre":"PENICILINA G SODICA O POTASICA CRISTALINA"},{"Id":"539","nombre":"PENICILINA G SODICA O POTASICA CRISTALINA"},{"Id":"540","nombre":"PILOCARPINA CLORHIDRATO O NITRATO"},{"Id":"541","nombre":"PIPERACILINA/TAZOBACTAM "},{"Id":"542","nombre":"PIPERAZINA"},{"Id":"543","nombre":"PIPOTIAZINA PALMITATO"},{"Id":"544","nombre":"PIRANTEL (EMBONATO O PAMOATO)"},{"Id":"545","nombre":"PIRANTEL (EMBONATO O PAMOATO)"},{"Id":"546","nombre":"PIRIDOSTIGMINA BROMURO"},{"Id":"547","nombre":"PIRIDOXINA CLORHIDRATO"},{"Id":"548","nombre":"PLASMA HUMANO"},{"Id":"549","nombre":"PLATA SULFADIAZINA"},{"Id":"550","nombre":"PODOFILINA"},{"Id":"551","nombre":"POTASIO CLORURO"},{"Id":"552","nombre":"POTASIO FOSFATO"},{"Id":"553","nombre":"PRALIDOXIMA"},{"Id":"554","nombre":"PRAZIQUANTEL"},{"Id":"555","nombre":"PRAZOSINA"},{"Id":"556","nombre":"PREDNISOLONA + FENILEFRINA"},{"Id":"557","nombre":"PREDNISOLONA"},{"Id":"558","nombre":"PREDNISONA"},{"Id":"559","nombre":"PREDNISONA"},{"Id":"560","nombre":"PRIMIDONA"},{"Id":"561","nombre":"PROCARBAZINA (CLORHIDRATO)"},{"Id":"562","nombre":"PROPARACAINA CLORHIDRATO"},{"Id":"563","nombre":"PROPILTIOURACILO"},{"Id":"564","nombre":"PROPRANOLOL CLORHIDRATO"},{"Id":"565","nombre":"PROPRANOLOL CLORHIDRATO"},{"Id":"566","nombre":"PROTAMINA SULFATO"},{"Id":"567","nombre":"RANITIDINA (CLORHIDRATO)"},{"Id":"568","nombre":"RANITIDINA (CLORHIDRATO)"},{"Id":"569","nombre":"RANITIDINA (CLORHIDRATO)"},{"Id":"570","nombre":"RESINAS INTERCAMBIADORAS DE POTASIO (SODIO POLIESTIRENO SULFONATO)"},{"Id":"571","nombre":"RETINOICO ACIDO"},{"Id":"572","nombre":"RETINOICO ACIDO"},{"Id":"573","nombre":"RINGER "},{"Id":"574","nombre":"RISPERIDONA"},{"Id":"575","nombre":"RISPERIDONA"},{"Id":"576","nombre":"RISPERIDONA"},{"Id":"577","nombre":"RISPERIDONA"},{"Id":"578","nombre":"RISPERIDONA"},{"Id":"579","nombre":"RISPERIDONA"},{"Id":"580","nombre":"RISPERIDONA"},{"Id":"581","nombre":"RITONAVIR"},{"Id":"582","nombre":"RITONAVIR"},{"Id":"583","nombre":"RITUXIMAB"},{"Id":"584","nombre":"RIVASTIGMINA"},{"Id":"585","nombre":"RIVASTIGMINA"},{"Id":"586","nombre":"RIVASTIGMINA"},{"Id":"587","nombre":"RIVASTIGMINA"},{"Id":"588","nombre":"RIVASTIGMINA"},{"Id":"589","nombre":"RIVASTIGMINA"},{"Id":"590","nombre":"RIVASTIGMINA"},{"Id":"591","nombre":"SALBUTAMOL (SULFATO)"},{"Id":"592","nombre":"SALBUTAMOL (SULFATO)"},{"Id":"593","nombre":"SALBUTAMOL (SULFATO)"},{"Id":"594","nombre":"SALBUTAMOL (SULFATO)"},{"Id":"595","nombre":"SALBUTAMOL (SULFATO)"},{"Id":"596","nombre":"SALES DE REHIDRATACION ORAL."},{"Id":"597","nombre":"SAQUINAVIR"},{"Id":"598","nombre":"SAQUINAVIR"},{"Id":"599","nombre":"SERTRALINA"},{"Id":"600","nombre":"SERTRALINA"},{"Id":"601","nombre":"SERTRALINA"},{"Id":"602","nombre":"SODIO BICARBONATO"},{"Id":"603","nombre":"SODIO CLORURO"},{"Id":"604","nombre":"SODIO CLORURO"},{"Id":"605","nombre":"SODIO DIATRIZOATO + MEGLUMINA DIATRIZOATO"},{"Id":"606","nombre":"SODIO DIATRIZOATO + MEGLUMINA DIATRIZOATO"},{"Id":"607","nombre":"SODIO FLUORURO ACIDULADO"},{"Id":"608","nombre":"SODIO HIPOSULFITO"},{"Id":"609","nombre":"SODIO NITRITO"},{"Id":"610","nombre":"SODIO NITROPRUSIATO"},{"Id":"611","nombre":"SOLUCIONES PARA DIALISIS PERITONEAL"},{"Id":"612","nombre":"SOLUCIONES PARA HEMODIALISIS"},{"Id":"613","nombre":"SUCCINILCOLINA"},{"Id":"614","nombre":"SUCRALFATO"},{"Id":"615","nombre":"SUERO ANTIOFIDICO MONOVALENTE (BOTHROPS)"},{"Id":"616","nombre":"SUERO ANTIOFIDICO POLIVALENTE"},{"Id":"617","nombre":"SUERO ANTIRRABICO"},{"Id":"618","nombre":"SULFACETAMIDA SODICA"},{"Id":"619","nombre":"SULFACETAMIDA SODICA"},{"Id":"620","nombre":"SULFASALAZINA"},{"Id":"621","nombre":"SURFACTANTE PULMONAR (FOSFOLIPIDOS)"},{"Id":"622","nombre":"TAMOXIFENO (CITRATO)"},{"Id":"623","nombre":"TAMOXIFENO (CITRATO)"},{"Id":"624","nombre":"TECLOZAN"},{"Id":"625","nombre":"TENOFOVIR+EMTRICITABINA"},{"Id":"626","nombre":"TEOFILINA"},{"Id":"627","nombre":"TEOFILINA"},{"Id":"628","nombre":"TEOFILINA"},{"Id":"629","nombre":"TERBUTALINA SULFATO"},{"Id":"630","nombre":"TERBUTALINA SULFATO"},{"Id":"631","nombre":"TERBUTALINA SULFATO"},{"Id":"632","nombre":"TERBUTALINA SULFATO"},{"Id":"633","nombre":"TESTOSTERONA ESTER"},{"Id":"634","nombre":"TETRACAINA CLORHIDRATO"},{"Id":"635","nombre":"TETRACICLINA CLORHIDRATO"},{"Id":"636","nombre":"TIAMINA"},{"Id":"637","nombre":"TIAMINA"},{"Id":"638","nombre":"TIMOLOL MALEATO"},{"Id":"639","nombre":"TIMOLOL MALEATO"},{"Id":"640","nombre":"TINIDAZOL"},{"Id":"641","nombre":"TINIDAZOL"},{"Id":"642","nombre":"TIOGUANINA"},{"Id":"643","nombre":"TIOPENTAL SODICO"},{"Id":"644","nombre":"TIORIDAZINA CLORHIDRATO"},{"Id":"645","nombre":"TIORIDAZINA CLORHIDRATO"},{"Id":"646","nombre":"TIROFIBAN"},{"Id":"647","nombre":"TOXOIDE TETANICO"},{"Id":"648","nombre":"TRAMADOL CLORHIDRATO"},{"Id":"649","nombre":"TRAMADOL CLORHIDRATO"},{"Id":"650","nombre":"TRAMADOL CLORHIDRATO "},{"Id":"651","nombre":"TRANEXAMICO ACIDO"},{"Id":"652","nombre":"TRANEXAMICO ACIDO"},{"Id":"653","nombre":"TRASTUZUMAB"},{"Id":"654","nombre":"TRAZODONA CLORHIDRATO"},{"Id":"655","nombre":"TRIMETOPRIM + SULFAMETOXAZOL"},{"Id":"656","nombre":"TRIMETOPRIM + SULFAMETOXAZOL"},{"Id":"657","nombre":"TRIMETOPRIM + SULFAMETOXAZOL"},{"Id":"658","nombre":"TRIMETOPRIM + SULFAMETOXAZOL"},{"Id":"659","nombre":"TROPICAMIDA"},{"Id":"660","nombre":"VACUNA ANTIRRABICA"},{"Id":"661","nombre":"VACUNA CONTRA HEPATITIS B"},{"Id":"662","nombre":"VACUNA CONTRA NEUMOCOCO"},{"Id":"663","nombre":"VALACICLOVIR"},{"Id":"664","nombre":"VALACICLOVIR"},{"Id":"665","nombre":"VALPROICO ACIDO"},{"Id":"666","nombre":"VALPROICO SODICO"},{"Id":"667","nombre":"VANCOMICINA (CLORHIDRATO)"},{"Id":"668","nombre":"VECURONIO BROMURO"},{"Id":"669","nombre":"VENDAJE CON GELATINA DE ZINC."},{"Id":"670","nombre":"VERAPAMILO CLORHIDRATO"},{"Id":"671","nombre":"VERAPAMILO CLORHIDRATO"},{"Id":"672","nombre":"VERAPAMILO CLORHIDRATO"},{"Id":"673","nombre":"VINBLASTINA SULFATO"},{"Id":"674","nombre":"VINCRISTINA SULFATO"},{"Id":"675","nombre":"VITAMINA A (ACETATO O PALMITATO)"},{"Id":"676","nombre":"WARFARINA SODICA"},{"Id":"677","nombre":"ZIDOVUDINA"},{"Id":"678","nombre":"ZIDOVUDINA"},{"Id":"679","nombre":"ZIDOVUDINA "},{"Id":"680","nombre":"ZIDOVUDINA  "},{"Id":"681","nombre":"ZOLEDRONICO ACIDO"},{"Id":"682","nombre":"ZOLEDRONICO ACIDO"},{"Id":"683","nombre":"ARTEMETER + LUMENFANTRINE"},{"Id":"684","nombre":"ARTESUNATO"},{"Id":"685","nombre":"ARTESUNATO"},{"Id":"686","nombre":"BENZONIDAZOL"},{"Id":"687","nombre":"BENZONIDAZOL"},{"Id":"688","nombre":"CLOFAZIMINA"},{"Id":"689","nombre":"CLOROQUINA (DIFOSFATO O SULFATO)"},{"Id":"690","nombre":"CLOROQUINA (DIFOSFATO O SULFATO)"},{"Id":"691","nombre":"CLOROQUINA (DIFOSFATO O SULFATO)"},{"Id":"692","nombre":"CLOROQUINA (DIFOSFATO O SULFATO)"},{"Id":"693","nombre":"DAPSONA"},{"Id":"694","nombre":"ESTIBOGLUCONATO  DE  SODIO "},{"Id":"695","nombre":"ESTREPTOMICINA (SULFATO)"},{"Id":"696","nombre":"ETAMBUTOL CLORHIDRATO"},{"Id":"697","nombre":"ETIONAMIDA"},{"Id":"698","nombre":"ISONIAZIDA"},{"Id":"699","nombre":"ISONIAZIDA"},{"Id":"700","nombre":"MEFLOQUINA"},{"Id":"701","nombre":"MEGLUMINA ANTIMONIATO"},{"Id":"702","nombre":"MILTEFOSINA"},{"Id":"703","nombre":"MILTEFOSINA"},{"Id":"704","nombre":"NIFURTIMOX"},{"Id":"705","nombre":"PENTAMIDINA"},{"Id":"706","nombre":"PENTAMIDINA"},{"Id":"707","nombre":"PIRAZINAMIDA"},{"Id":"708","nombre":"PIRAZINAMIDA"},{"Id":"709","nombre":"PIRIMETAMINA"},{"Id":"710","nombre":"PIRIMETAMINA + SULFADOXINA"},{"Id":"711","nombre":"PIRIMETAMINA + SULFADOXINA"},{"Id":"712","nombre":"PRIMAQUINA (FOSFATO)"},{"Id":"713","nombre":"PRIMAQUINA (FOSFATO)"},{"Id":"714","nombre":"QUININA DICLORHIDRATO"},{"Id":"715","nombre":"QUININA SULFATO"},{"Id":"716","nombre":"QUININA SULFATO"},{"Id":"717","nombre":"QUININA SULFATO"},{"Id":"718","nombre":"RIFABUTINA"},{"Id":"719","nombre":"RIFAMPICINA"},{"Id":"720","nombre":"RIFAMPICINA"},{"Id":"721","nombre":"RIFAMPICINA + ISONIAZIDA"},{"Id":"722","nombre":"RIFAMPICINA + ISONIAZIDA"},{"Id":"723","nombre":"RIFAMPICINA + ISONIAZIDA"},{"Id":"724","nombre":"RIFAMPICINA + ISONIAZIDA + PIRAZINAMIDA "},{"Id":"725","nombre":"RIFAMPICINA + ISONIAZIDA + PIRAZINAMIDA + ETAMBUTOL"},{"Id":"726","nombre":"SARAMPION, RUBEOLA, PAPERAS (SRP)"},{"Id":"727","nombre":"TALIDOMIDA"},{"Id":"728","nombre":"TIOACETAZONA + ISONIAZIDA"},{"Id":"729","nombre":"TOXOIDE DIFTERICO-TETANICO"},{"Id":"730","nombre":"VACUNA ANTIAMARILICA"},{"Id":"731","nombre":"VACUNA ANTIPOLIOMIELITICA"},{"Id":"732","nombre":"VACUNA CONTRA  STREPTOCOCO PNEUMONIAE "},{"Id":"733","nombre":"VACUNA CONTRA HAEMOPHILUS INFLUENZAE"},{"Id":"734","nombre":"VACUNA CONTRA LA DIFTERIA, TETANO Y TOS FERINA (D.P.T)"},{"Id":"735","nombre":"VACUNA CONTRA LA TUBERCULOSIS (B.C.G)"},{"Id":"1112","nombre":"MEDICAMENTO NUEVO"}]