[
{"Id":"1","nombre":"MATAPÃ"},
{"Id":"2","nombre":"MIRAÃ‘A"},
{"Id":"3","nombre":"MOKANÃ"},
{"Id":"4","nombre":"MUINANE "},
{"Id":"5","nombre":"MUISCA "},
{"Id":"6","nombre":"NASA - PÃEZ "},
{"Id":"7","nombre":"NONUYA"},
{"Id":"8","nombre":"NUKAK"},
{"Id":"9","nombre":"OCAINA"},
{"Id":"10","nombre":"PASTO"},
{"Id":"11","nombre":"PIAPOCO"},
{"Id":"12","nombre":"PIAROA "},
{"Id":"13","nombre":"PIRATAPUYO "},
{"Id":"14","nombre":"PISAMIRA"},
{"Id":"15","nombre":"PUINAVE"},
{"Id":"16","nombre":"SÃLIBA"},
{"Id":"17","nombre":"SÃNHA"},
{"Id":"18","nombre":"SENÃš"},
{"Id":"19","nombre":"SIKUANI"},
{"Id":"20","nombre":"SIONA"},
{"Id":"21","nombre":"SIRIANO"},
{"Id":"22","nombre":"TAIWANO"},
{"Id":"23","nombre":"TANIMUKA"},
{"Id":"24","nombre":"TARIANO"},
{"Id":"25","nombre":"TATUYO"},
{"Id":"26","nombre":"TIKUNA"},
{"Id":"27","nombre":"TOTORÃ“"},
{"Id":"28","nombre":"TSIRIPU"},
{"Id":"29","nombre":"TUCANO"},
{"Id":"30","nombre":"TULE"},
{"Id":"31","nombre":"TUYUKA"},
{"Id":"32","nombre":"UITOTO"},
{"Id":"33","nombre":"WANANO"},
{"Id":"34","nombre":"WAUNAN"},
{"Id":"35","nombre":"WAYUU"},
{"Id":"36","nombre":"WIWA"},
{"Id":"37","nombre":"YAGUA"},
{"Id":"38","nombre":"YANACONA"},
{"Id":"39","nombre":"YAUNA"},
{"Id":"40","nombre":"YUKO"},
{"Id":"41","nombre":"YUKUNA"},
{"Id":"42","nombre":"YURI"},
{"Id":"43","nombre":"YURUTÃ"},
{"Id":"44","nombre":"DESCONOCIDO"},
{"Id":"45","nombre":"BARÃ"},
{"Id":"46","nombre":"INGA "},
{"Id":"47","nombre":"ACHAGUA"},
{"Id":"48","nombre":"AMORÃšA"},
{"Id":"49","nombre":"ANDOKE "},
{"Id":"50","nombre":"ARHUACO"},
{"Id":"51","nombre":"AWA"},
{"Id":"52","nombre":"BARA "},
{"Id":"53","nombre":"BARASANA "},
{"Id":"54","nombre":"BETOYE"},
{"Id":"55","nombre":"BORA"},
{"Id":"56","nombre":"CAÃ‘AMOMO"},
{"Id":"57","nombre":"CARAPANA"},
{"Id":"58","nombre":"COCAMA"},
{"Id":"59","nombre":"CHIMILA"},
{"Id":"60","nombre":"CHIRICOA"},
{"Id":"61","nombre":"COCONUCO"},
{"Id":"62","nombre":"COREGUAJE"},
{"Id":"63","nombre":"COYAIMA-NATAGAIMA "},
{"Id":"64","nombre":"DESANO"},
{"Id":"65","nombre":"DUJO"},
{"Id":"66","nombre":"EMBERA"},
{"Id":"67","nombre":"EMBERA KATÃO "},
{"Id":"68","nombre":"EMBERA-CHAMÃ"},
{"Id":"69","nombre":"EPERARA-SIAPIDARA"},
{"Id":"70","nombre":"GUAMBIANO"},
{"Id":"71","nombre":"GUANACA"},
{"Id":"72","nombre":"GUANE "},
{"Id":"73","nombre":"GUAYABERO"},
{"Id":"74","nombre":"HITNU "},
{"Id":"75","nombre":"HUPDU"},
{"Id":"76","nombre":"JUHUP"},
{"Id":"77","nombre":"KAKUA"},
{"Id":"78","nombre":"KAMÃ‹NTSÃ"},
{"Id":"79","nombre":"KANKUAMO"},
{"Id":"80","nombre":"KARIJONA"},
{"Id":"81","nombre":"KAWIYARÃ - CABIYARÃ "},
{"Id":"82","nombre":"KOFÃN"},
{"Id":"83","nombre":"KOGUI"},
{"Id":"84","nombre":"KUBEO"},
{"Id":"85","nombre":"KUIBA"},
{"Id":"86","nombre":"KURRIPACO"},
{"Id":"87","nombre":"LETUAMA"},
{"Id":"88","nombre":"MAKAGUAJE"},
{"Id":"89","nombre":"MAKUNA"},
{"Id":"90","nombre":"MASIGUARE"},
{"Id":"91","nombre":"Uâ€˜WA"},
{"Id":"92","nombre":"CATALAURA"},
{"Id":"93","nombre":"YUPA"}
] 