[{"id":"1","tipoid":"CC","numid":"1234","nombres":"USUARIO ADMINISTRADOR","profesion":"5","reg_prof":"NA","institucion":"OIM","user":"ADMIN","pass":"ADMIN","direccion":"CALLE 14 #14-10","permiso_agendar":"1","permiso_hamb":"1","permiso_procedimientos":"1","permiso_informes":"1","permiso_usuarios":"1","id_JSON":1},{"id":"1","tipoid":"CC","numid":"1234","nombres":"USUARIO ADMINISTRADOR","profesion":"5","reg_prof":"NA","institucion":"COMITE INTERNACIONAL DE RESCATE","user":"ADMIN","pass":"ADMIN","direccion":"CALLE 14 #14-10","permiso_agendar":"1","permiso_hamb":"1","permiso_procedimientos":"1","permiso_informes":"1","permiso_usuarios":"1","id_JSON":2},{"id":"44","tipoid":"CE","numid":"984151","nombres":"Ydana Liggi Martinez Abello","profesion":"2","reg_prof":"984151","institucion":"COMITE INTERNACIONAL DE RESCATE","user":"ydanaM","pass":"amor","direccion":"CUCUTA calle 13A #1E-35 Caobos","permiso_agendar":"1","permiso_hamb":"1","permiso_procedimientos":"1","permiso_informes":"1","permiso_usuarios":"1","id_JSON":3},{"id":"44","tipoid":"CE","numid":"984151","nombres":"Ydana Liggi Martinez Abello","profesion":"2","reg_prof":"984151","institucion":"COMITE INTERNACIONAL DE RESCATE","user":"ydanaM","pass":"amor","direccion":"CUCUTA calle 13A #1E-35 Caobos","permiso_agendar":"1","permiso_hamb":"1","permiso_procedimientos":"1","permiso_informes":"1","permiso_usuarios":"1","id_JSON":4},{"id":"44","tipoid":"CE","numid":"984151","nombres":"Ydana Liggi Martinez Abello","profesion":"2","reg_prof":"984151","institucion":"COMITE INTERNACIONAL DE RESCATE","user":"ydanaM","pass":"amor","direccion":"CUCUTA calle 13A #1E-35 Caobos","permiso_agendar":"1","permiso_hamb":"1","permiso_procedimientos":"1","permiso_informes":"1","permiso_usuarios":"1","estado":"1","id_JSON":5},{"id":"44","tipoid":"CE","numid":"984151","nombres":"Ydana Liggi Martinez Abello","profesion":"2","reg_prof":"984151","institucion":"COMITE INTERNACIONAL DE RESCATE","user":"ydanaM","pass":"amor","direccion":"CUCUTA calle 13A #1E-35 Caobos","permiso_agendar":"1","permiso_hamb":"1","permiso_procedimientos":"1","permiso_informes":"1","permiso_usuarios":"1","estado":"1","id_JSON":5},{"id":"44","tipoid":"CE","numid":"984151","nombres":"Ydana Liggi Martinez Abello","profesion":"2","reg_prof":"984151","institucion":"COMITE INTERNACIONAL DE RESCATE","user":"ydanaM","pass":"amor","direccion":"CUCUTA calle 13A #1E-35 Caobos","permiso_agendar":"1","permiso_hamb":"1","permiso_procedimientos":"1","permiso_informes":"1","permiso_usuarios":"1","estado":"1","id_JSON":null},{"id":"44","tipoid":"CE","numid":"984151","nombres":"Ydana Liggi Martinez Abello","profesion":"2","reg_prof":"984151","institucion":"COMITE INTERNACIONAL DE RESCATE","user":"ydanaM","pass":"amor","direccion":"CUCUTA calle 13A #1E-35 Caobos","permiso_agendar":"1","permiso_hamb":"1","permiso_procedimientos":"1","permiso_informes":"1","permiso_usuarios":"1","estado":"1","id_JSON":null},{"id":"44","tipoid":"CE","numid":"984151","nombres":"Ydana Liggi Martinez Abello","profesion":"2","reg_prof":"984151","institucion":"COMITE INTERNACIONAL DE RESCATE","user":"ydanaM","pass":"amor","direccion":"CUCUTA calle 13A #1E-35 Caobos","permiso_agendar":"1","permiso_hamb":"1","permiso_procedimientos":"1","permiso_informes":"1","permiso_usuarios":"1","estado":"1","id_JSON":null},{"id":"44","tipoid":"CE","numid":"984151","nombres":"Ydana Liggi Martinez Abello","profesion":"2","reg_prof":"984151","institucion":"COMITE INTERNACIONAL DE RESCATE","user":"ydanaM","pass":"amor","direccion":"CUCUTA calle 13A #1E-35 Caobos","permiso_agendar":"1","permiso_hamb":"1","permiso_procedimientos":"1","permiso_informes":"1","permiso_usuarios":"1","estado":"1","id_JSON":null},{"id":"44","tipoid":"CE","numid":"984151","nombres":"Ydana Liggi Martinez Abello","profesion":"2","reg_prof":"984151","institucion":"COMITE INTERNACIONAL DE RESCATE","user":"ydanaM","pass":"amor","direccion":"CUCUTA calle 13A #1E-35 Caobos","permiso_agendar":"1","permiso_hamb":"1","permiso_procedimientos":"1","permiso_informes":"1","permiso_usuarios":"1","estado":"1","id_JSON":null},{"id":"44","tipoid":"CE","numid":"984151","nombres":"Ydana Liggi Martinez Abello","profesion":"2","reg_prof":"984151","institucion":"COMITE INTERNACIONAL DE RESCATE","user":"ydanaM","pass":"amor","direccion":"CUCUTA calle 13A #1E-35 Caobos","permiso_agendar":"1","permiso_hamb":"1","permiso_procedimientos":"1","permiso_informes":"1","permiso_usuarios":"1","estado":"1","id_JSON":null},{"id":"44","tipoid":"CE","numid":"984151","nombres":"Ydana Liggi Martinez Abello","profesion":"2","reg_prof":"984151","institucion":"COMITE INTERNACIONAL DE RESCATE","user":"ydanaM","pass":"amor","direccion":"CUCUTA calle 13A #1E-35 Caobos","permiso_agendar":"1","permiso_hamb":"1","permiso_procedimientos":"1","permiso_informes":"1","permiso_usuarios":"1","estado":"1","id_JSON":null},{"id":"44","tipoid":"CE","numid":"984151","nombres":"Ydana Liggi Martinez Abello","profesion":"2","reg_prof":"984151","institucion":"COMITE INTERNACIONAL DE RESCATE","user":"ydanaM","pass":"amor","direccion":"CUCUTA calle 13A #1E-35 Caobos","permiso_agendar":"1","permiso_hamb":"1","permiso_procedimientos":"1","permiso_informes":"1","permiso_usuarios":"1","estado":"1","id_JSON":null},{"id":"44","tipoid":"CE","numid":"984151","nombres":"Ydana Liggi Martinez Abello","profesion":"2","reg_prof":"984151","institucion":"COMITE INTERNACIONAL DE RESCATE","user":"ydanaM","pass":"amor","direccion":"CUCUTA calle 13A #1E-35 Caobos","permiso_agendar":"1","permiso_hamb":"1","permiso_procedimientos":"1","permiso_informes":"1","permiso_usuarios":"1","estado":"1","id_JSON":null},{"id":"44","tipoid":"CE","numid":"984151","nombres":"Ydana Liggi Martinez Abello","profesion":"2","reg_prof":"984151","institucion":"COMITE INTERNACIONAL DE RESCATE","user":"ydanaM","pass":"amor","direccion":"CUCUTA calle 13A #1E-35 Caobos","permiso_agendar":"1","permiso_hamb":"1","permiso_procedimientos":"1","permiso_informes":"1","permiso_usuarios":"1","estado":"1","id_JSON":null},{"id":"44","tipoid":"CE","numid":"984151","nombres":"Ydana Liggi Martinez Abello","profesion":"2","reg_prof":"984151","institucion":"COMITE INTERNACIONAL DE RESCATE","user":"ydanaM","pass":"amor","direccion":"CUCUTA calle 13A #1E-35 Caobos","permiso_agendar":"1","permiso_hamb":"1","permiso_procedimientos":"1","permiso_informes":"1","permiso_usuarios":"1","estado":"1","id_JSON":null},{"id":"44","tipoid":"CE","numid":"984151","nombres":"Ydana Liggi Martinez Abello","profesion":"2","reg_prof":"984151","institucion":"COMITE INTERNACIONAL DE RESCATE","user":"ydanaM","pass":"amor","direccion":"CUCUTA calle 13A #1E-35 Caobos","permiso_agendar":"1","permiso_hamb":"1","permiso_procedimientos":"1","permiso_informes":"1","permiso_usuarios":"1","estado":"1","id_JSON":null},{"id":"44","tipoid":"CE","numid":"984151","nombres":"Ydana Liggi Martinez Abello","profesion":"2","reg_prof":"984151","institucion":"COMITE INTERNACIONAL DE RESCATE","user":"ydanaM","pass":"amor","direccion":"CUCUTA calle 13A #1E-35 Caobos","permiso_agendar":"1","permiso_hamb":"1","permiso_procedimientos":"1","permiso_informes":"1","permiso_usuarios":"1","estado":"1","id_JSON":null},{"id":"44","tipoid":"CE","numid":"984151","nombres":"Ydana Liggi Martinez Abello","profesion":"2","reg_prof":"984151","institucion":"COMITE INTERNACIONAL DE RESCATE","user":"ydanaM","pass":"amor","direccion":"CUCUTA calle 13A #1E-35 Caobos","permiso_agendar":"1","permiso_hamb":"1","permiso_procedimientos":"1","permiso_informes":"1","permiso_usuarios":"1","estado":"1","id_JSON":null},{"id":"44","tipoid":"CE","numid":"984151","nombres":"Ydana Liggi Martinez Abello","profesion":"2","reg_prof":"984151","institucion":"COMITE INTERNACIONAL DE RESCATE","user":"ydanaM","pass":"amor","direccion":"CUCUTA calle 13A #1E-35 Caobos","permiso_agendar":"1","permiso_hamb":"1","permiso_procedimientos":"1","permiso_informes":"1","permiso_usuarios":"1","estado":"1","id_JSON":null},{"id":"44","tipoid":"CE","numid":"984151","nombres":"Ydana Liggi Martinez Abello","profesion":"2","reg_prof":"984151","institucion":"COMITE INTERNACIONAL DE RESCATE","user":"ydanaM","pass":"amor","direccion":"CUCUTA calle 13A #1E-35 Caobos","permiso_agendar":"1","permiso_hamb":"1","permiso_procedimientos":"1","permiso_informes":"1","permiso_usuarios":"1","estado":"1","id_JSON":null},{"id":"44","tipoid":"CE","numid":"984151","nombres":"Ydana Liggi Martinez Abello","profesion":"2","reg_prof":"984151","institucion":"COMITE INTERNACIONAL DE RESCATE","user":"ydanaM","pass":"amor","direccion":"CUCUTA calle 13A #1E-35 Caobos","permiso_agendar":"1","permiso_hamb":"1","permiso_procedimientos":"1","permiso_informes":"1","permiso_usuarios":"1","estado":"1","id_JSON":null},{"id":"44","tipoid":"CE","numid":"984151","nombres":"Ydana Liggi Martinez Abello","profesion":"2","reg_prof":"984151","institucion":"COMITE INTERNACIONAL DE RESCATE","user":"ydanaM","pass":"amor","direccion":"CUCUTA calle 13A #1E-35 Caobos","permiso_agendar":"1","permiso_hamb":"1","permiso_procedimientos":"1","permiso_informes":"1","permiso_usuarios":"1","estado":"1","id_JSON":null},{"id":"44","tipoid":"CE","numid":"984151","nombres":"Ydana Liggi Martinez Abello","profesion":"2","reg_prof":"984151","institucion":"COMITE INTERNACIONAL DE RESCATE","user":"ydanaM","pass":"amor","direccion":"CUCUTA calle 13A #1E-35 Caobos","permiso_agendar":"1","permiso_hamb":"1","permiso_procedimientos":"1","permiso_informes":"1","permiso_usuarios":"1","estado":"1","id_JSON":null},{"id":"44","tipoid":"CE","numid":"984151","nombres":"Ydana Liggi Martinez Abello","profesion":"2","reg_prof":"984151","institucion":"COMITE INTERNACIONAL DE RESCATE","user":"ydanaM","pass":"amor","direccion":"CUCUTA calle 13A #1E-35 Caobos","permiso_agendar":"1","permiso_hamb":"1","permiso_procedimientos":"1","permiso_informes":"1","permiso_usuarios":"1","estado":"1","id_JSON":null},{"id":"44","tipoid":"CE","numid":"984151","nombres":"Ydana Liggi Martinez Abello","profesion":"2","reg_prof":"984151","institucion":"COMITE INTERNACIONAL DE RESCATE","user":"ydanaM","pass":"amor","direccion":"CUCUTA calle 13A #1E-35 Caobos","permiso_agendar":"1","permiso_hamb":"1","permiso_procedimientos":"1","permiso_informes":"1","permiso_usuarios":"1","estado":"1","id_JSON":null},{"id":"44","tipoid":"CE","numid":"984151","nombres":"Ydana Liggi Martinez Abello","profesion":"2","reg_prof":"984151","institucion":"COMITE INTERNACIONAL DE RESCATE","user":"ydanaM","pass":"amor","direccion":"CUCUTA calle 13A #1E-35 Caobos","permiso_agendar":"1","permiso_hamb":"1","permiso_procedimientos":"1","permiso_informes":"1","permiso_usuarios":"1","estado":"1","id_JSON":null},{"id":"44","tipoid":"CE","numid":"984151","nombres":"Ydana Liggi Martinez Abello","profesion":"2","reg_prof":"984151","institucion":"COMITE INTERNACIONAL DE RESCATE","user":"ydanaM","pass":"amor","direccion":"CUCUTA calle 13A #1E-35 Caobos","permiso_agendar":"1","permiso_hamb":"1","permiso_procedimientos":"1","permiso_informes":"1","permiso_usuarios":"1","estado":"1","id_JSON":null},{"id":"44","tipoid":"CE","numid":"984151","nombres":"Ydana Liggi Martinez Abello","profesion":"2","reg_prof":"984151","institucion":"COMITE INTERNACIONAL DE RESCATE","user":"ydanaM","pass":"amor","direccion":"CUCUTA calle 13A #1E-35 Caobos","permiso_agendar":"1","permiso_hamb":"1","permiso_procedimientos":"1","permiso_informes":"1","permiso_usuarios":"1","estado":"1","id_JSON":null},{"id":"44","tipoid":"CE","numid":"984151","nombres":"Ydana Liggi Martinez Abello","profesion":"2","reg_prof":"984151","institucion":"COMITE INTERNACIONAL DE RESCATE","user":"ydanaM","pass":"amor","direccion":"CUCUTA calle 13A #1E-35 Caobos","permiso_agendar":"1","permiso_hamb":"1","permiso_procedimientos":"1","permiso_informes":"1","permiso_usuarios":"1","estado":"1","id_JSON":null},{"id":"44","tipoid":"CE","numid":"984151","nombres":"Ydana Liggi Martinez Abello","profesion":"2","reg_prof":"984151","institucion":"COMITE INTERNACIONAL DE RESCATE","user":"ydanaM","pass":"amor","direccion":"CUCUTA calle 13A #1E-35 Caobos","permiso_agendar":"1","permiso_hamb":"1","permiso_procedimientos":"1","permiso_informes":"1","permiso_usuarios":"1","estado":"1","id_JSON":null},{"id":"44","tipoid":"CE","numid":"984151","nombres":"Ydana Liggi Martinez Abello","profesion":"2","reg_prof":"984151","institucion":"COMITE INTERNACIONAL DE RESCATE","user":"ydanaM","pass":"amor","direccion":"CUCUTA calle 13A #1E-35 Caobos","permiso_agendar":"1","permiso_hamb":"1","permiso_procedimientos":"1","permiso_informes":"1","permiso_usuarios":"1","estado":"1","id_JSON":null},{"id":"44","tipoid":"CE","numid":"984151","nombres":"Ydana Liggi Martinez Abello","profesion":"2","reg_prof":"984151","institucion":"COMITE INTERNACIONAL DE RESCATE","user":"ydanaM","pass":"amor","direccion":"CUCUTA calle 13A #1E-35 Caobos","permiso_agendar":"1","permiso_hamb":"1","permiso_procedimientos":"1","permiso_informes":"1","permiso_usuarios":"1","estado":"1","id_JSON":null},{"id":"44","tipoid":"CE","numid":"984151","nombres":"Ydana Liggi Martinez Abello","profesion":"2","reg_prof":"984151","institucion":"COMITE INTERNACIONAL DE RESCATE","user":"ydanaM","pass":"amor","direccion":"CUCUTA calle 13A #1E-35 Caobos","permiso_agendar":"1","permiso_hamb":"1","permiso_procedimientos":"1","permiso_informes":"1","permiso_usuarios":"1","estado":"1","id_JSON":null},{"id":"44","tipoid":"CE","numid":"984151","nombres":"Ydana Liggi Martinez Abello","profesion":"2","reg_prof":"984151","institucion":"COMITE INTERNACIONAL DE RESCATE","user":"ydanaM","pass":"amor","direccion":"CUCUTA calle 13A #1E-35 Caobos","permiso_agendar":"1","permiso_hamb":"1","permiso_procedimientos":"1","permiso_informes":"1","permiso_usuarios":"1","estado":"1","id_JSON":null},{"id":"44","tipoid":"CE","numid":"984151","nombres":"Ydana Liggi Martinez Abello","profesion":"2","reg_prof":"984151","institucion":"COMITE INTERNACIONAL DE RESCATE","user":"ydanaM","pass":"amor","direccion":"CUCUTA calle 13A #1E-35 Caobos","permiso_agendar":"1","permiso_hamb":"1","permiso_procedimientos":"1","permiso_informes":"1","permiso_usuarios":"1","estado":"1","id_JSON":null},{"id":"44","tipoid":"CE","numid":"984151","nombres":"Ydana Liggi Martinez Abello","profesion":"2","reg_prof":"984151","institucion":"COMITE INTERNACIONAL DE RESCATE","user":"ydanaM","pass":"amor","direccion":"CUCUTA calle 13A #1E-35 Caobos","permiso_agendar":"1","permiso_hamb":"1","permiso_procedimientos":"1","permiso_informes":"1","permiso_usuarios":"1","estado":"1","id_JSON":null},{"id":"44","tipoid":"CE","numid":"984151","nombres":"Ydana Liggi Martinez Abello","profesion":"2","reg_prof":"984151","institucion":"COMITE INTERNACIONAL DE RESCATE","user":"ydanaM","pass":"amor","direccion":"CUCUTA calle 13A #1E-35 Caobos","permiso_agendar":"1","permiso_hamb":"1","permiso_procedimientos":"1","permiso_informes":"1","permiso_usuarios":"1","estado":"1","id_JSON":null},{"id":"44","tipoid":"CE","numid":"984151","nombres":"Ydana Liggi Martinez Abello","profesion":"2","reg_prof":"984151","institucion":"COMITE INTERNACIONAL DE RESCATE","user":"ydanaM","pass":"amor","direccion":"CUCUTA calle 13A #1E-35 Caobos","permiso_agendar":"1","permiso_hamb":"1","permiso_procedimientos":"1","permiso_informes":"1","permiso_usuarios":"1","estado":"1","id_JSON":null},{"id":"44","tipoid":"CE","numid":"984151","nombres":"Ydana Liggi Martinez Abello","profesion":"2","reg_prof":"984151","institucion":"COMITE INTERNACIONAL DE RESCATE","user":"ydanaM","pass":"amor","direccion":"CUCUTA calle 13A #1E-35 Caobos","permiso_agendar":"1","permiso_hamb":"1","permiso_procedimientos":"1","permiso_informes":"1","permiso_usuarios":"1","estado":"1","id_JSON":null},{"id":"44","tipoid":"CE","numid":"984151","nombres":"Ydana Liggi Martinez Abello","profesion":"2","reg_prof":"984151","institucion":"COMITE INTERNACIONAL DE RESCATE","user":"ydanaM","pass":"amor","direccion":"CUCUTA calle 13A #1E-35 Caobos","permiso_agendar":"1","permiso_hamb":"1","permiso_procedimientos":"1","permiso_informes":"1","permiso_usuarios":"1","estado":"1","id_JSON":null},{"id":"44","tipoid":"CE","numid":"984151","nombres":"Ydana Liggi Martinez Abello","profesion":"2","reg_prof":"984151","institucion":"COMITE INTERNACIONAL DE RESCATE","user":"ydanaM","pass":"amor","direccion":"CUCUTA calle 13A #1E-35 Caobos","permiso_agendar":"1","permiso_hamb":"1","permiso_procedimientos":"1","permiso_informes":"1","permiso_usuarios":"1","estado":"1","id_JSON":null},{"id":"44","tipoid":"CE","numid":"984151","nombres":"Ydana Liggi Martinez Abello","profesion":"2","reg_prof":"984151","institucion":"COMITE INTERNACIONAL DE RESCATE","user":"ydanaM","pass":"amor","direccion":"CUCUTA calle 13A #1E-35 Caobos","permiso_agendar":"1","permiso_hamb":"1","permiso_procedimientos":"1","permiso_informes":"1","permiso_usuarios":"1","estado":"1","id_JSON":null},{"id":"44","tipoid":"CE","numid":"984151","nombres":"Ydana Liggi Martinez Abello","profesion":"2","reg_prof":"984151","institucion":"COMITE INTERNACIONAL DE RESCATE","user":"ydanaM","pass":"amor","direccion":"CUCUTA calle 13A #1E-35 Caobos","permiso_agendar":"1","permiso_hamb":"1","permiso_procedimientos":"1","permiso_informes":"1","permiso_usuarios":"1","estado":"1","id_JSON":null},{"id":"44","tipoid":"CE","numid":"984151","nombres":"Ydana Liggi Martinez Abello","profesion":"2","reg_prof":"984151","institucion":"COMITE INTERNACIONAL DE RESCATE","user":"ydanaM","pass":"amor","direccion":"CUCUTA calle 13A #1E-35 Caobos","permiso_agendar":"1","permiso_hamb":"1","permiso_procedimientos":"1","permiso_informes":"1","permiso_usuarios":"1","estado":"1","id_JSON":null},{"id":"44","tipoid":"CE","numid":"984151","nombres":"Ydana Liggi Martinez Abello","profesion":"2","reg_prof":"984151","institucion":"COMITE INTERNACIONAL DE RESCATE","user":"ydanaM","pass":"amor","direccion":"CUCUTA calle 13A #1E-35 Caobos","permiso_agendar":"1","permiso_hamb":"1","permiso_procedimientos":"1","permiso_informes":"1","permiso_usuarios":"1","estado":"1","id_JSON":null},{"id":"44","tipoid":"CE","numid":"984151","nombres":"Ydana Liggi Martinez Abello","profesion":"2","reg_prof":"984151","institucion":"COMITE INTERNACIONAL DE RESCATE","user":"ydanaM","pass":"amor","direccion":"CUCUTA calle 13A #1E-35 Caobos","permiso_agendar":"1","permiso_hamb":"1","permiso_procedimientos":"1","permiso_informes":"1","permiso_usuarios":"1","estado":"1","id_JSON":null},{"id":"44","tipoid":"CE","numid":"984151","nombres":"Ydana Liggi Martinez Abello","profesion":"2","reg_prof":"984151","institucion":"COMITE INTERNACIONAL DE RESCATE","user":"ydanaM","pass":"amor","direccion":"CUCUTA calle 13A #1E-35 Caobos","permiso_agendar":"1","permiso_hamb":"1","permiso_procedimientos":"1","permiso_informes":"1","permiso_usuarios":"1","estado":"1","id_JSON":null},{"id":"44","tipoid":"CE","numid":"984151","nombres":"Ydana Liggi Martinez Abello","profesion":"2","reg_prof":"984151","institucion":"COMITE INTERNACIONAL DE RESCATE","user":"ydanaM","pass":"amor","direccion":"CUCUTA calle 13A #1E-35 Caobos","permiso_agendar":"1","permiso_hamb":"1","permiso_procedimientos":"1","permiso_informes":"1","permiso_usuarios":"1","estado":"1","id_JSON":null},{"id":"44","tipoid":"CE","numid":"984151","nombres":"Ydana Liggi Martinez Abello","profesion":"2","reg_prof":"984151","institucion":"COMITE INTERNACIONAL DE RESCATE","user":"ydanaM","pass":"amor","direccion":"CUCUTA calle 13A #1E-35 Caobos","permiso_agendar":"1","permiso_hamb":"1","permiso_procedimientos":"1","permiso_informes":"1","permiso_usuarios":"1","estado":"1","id_JSON":null},{"id":"44","tipoid":"CE","numid":"984151","nombres":"Ydana Liggi Martinez Abello","profesion":"2","reg_prof":"984151","institucion":"COMITE INTERNACIONAL DE RESCATE","user":"ydanaM","pass":"amor","direccion":"CUCUTA calle 13A #1E-35 Caobos","permiso_agendar":"1","permiso_hamb":"1","permiso_procedimientos":"1","permiso_informes":"1","permiso_usuarios":"1","estado":"1","id_JSON":null},{"id":"44","tipoid":"CE","numid":"984151","nombres":"Ydana Liggi Martinez Abello","profesion":"2","reg_prof":"984151","institucion":"COMITE INTERNACIONAL DE RESCATE","user":"ydanaM","pass":"amor","direccion":"CUCUTA calle 13A #1E-35 Caobos","permiso_agendar":"1","permiso_hamb":"1","permiso_procedimientos":"1","permiso_informes":"1","permiso_usuarios":"1","estado":"1","id_JSON":null},{"id":"44","tipoid":"CE","numid":"984151","nombres":"Ydana Liggi Martinez Abello","profesion":"2","reg_prof":"984151","institucion":"COMITE INTERNACIONAL DE RESCATE","user":"ydanaM","pass":"amor","direccion":"CUCUTA calle 13A #1E-35 Caobos","permiso_agendar":"1","permiso_hamb":"1","permiso_procedimientos":"1","permiso_informes":"1","permiso_usuarios":"1","estado":"1","id_JSON":null},{"id":"44","tipoid":"CE","numid":"984151","nombres":"Ydana Liggi Martinez Abello","profesion":"2","reg_prof":"984151","institucion":"COMITE INTERNACIONAL DE RESCATE","user":"ydanaM","pass":"amor","direccion":"CUCUTA calle 13A #1E-35 Caobos","permiso_agendar":"1","permiso_hamb":"1","permiso_procedimientos":"1","permiso_informes":"1","permiso_usuarios":"1","estado":"1","id_JSON":null},{"id":"44","tipoid":"CE","numid":"984151","nombres":"Ydana Liggi Martinez Abello","profesion":"2","reg_prof":"984151","institucion":"COMITE INTERNACIONAL DE RESCATE","user":"ydanaM","pass":"amor","direccion":"CUCUTA calle 13A #1E-35 Caobos","permiso_agendar":"1","permiso_hamb":"1","permiso_procedimientos":"1","permiso_informes":"1","permiso_usuarios":"1","estado":"1","id_JSON":null},{"id":"44","tipoid":"CE","numid":"984151","nombres":"Ydana Liggi Martinez Abello","profesion":"2","reg_prof":"984151","institucion":"COMITE INTERNACIONAL DE RESCATE","user":"ydanaM","pass":"amor","direccion":"CUCUTA calle 13A #1E-35 Caobos","permiso_agendar":"1","permiso_hamb":"1","permiso_procedimientos":"1","permiso_informes":"1","permiso_usuarios":"1","estado":"1","id_JSON":null},{"id":"44","tipoid":"CE","numid":"984151","nombres":"Ydana Liggi Martinez Abello","profesion":"2","reg_prof":"984151","institucion":"COMITE INTERNACIONAL DE RESCATE","user":"ydanaM","pass":"amor","direccion":"CUCUTA calle 13A #1E-35 Caobos","permiso_agendar":"1","permiso_hamb":"1","permiso_procedimientos":"1","permiso_informes":"1","permiso_usuarios":"1","estado":"1","id_JSON":null},{"id":"44","tipoid":"CE","numid":"984151","nombres":"Ydana Liggi Martinez Abello","profesion":"2","reg_prof":"984151","institucion":"COMITE INTERNACIONAL DE RESCATE","user":"ydanaM","pass":"amor","direccion":"CUCUTA calle 13A #1E-35 Caobos","permiso_agendar":"1","permiso_hamb":"1","permiso_procedimientos":"1","permiso_informes":"1","permiso_usuarios":"1","estado":"1","id_JSON":null},{"id":"44","tipoid":"CE","numid":"984151","nombres":"Ydana Liggi Martinez Abello","profesion":"2","reg_prof":"984151","institucion":"COMITE INTERNACIONAL DE RESCATE","user":"ydanaM","pass":"amor","direccion":"CUCUTA calle 13A #1E-35 Caobos","permiso_agendar":"1","permiso_hamb":"1","permiso_procedimientos":"1","permiso_informes":"1","permiso_usuarios":"1","estado":"1","id_JSON":null},{"id":"44","tipoid":"CE","numid":"984151","nombres":"Ydana Liggi Martinez Abello","profesion":"2","reg_prof":"984151","institucion":"COMITE INTERNACIONAL DE RESCATE","user":"ydanaM","pass":"amor","direccion":"CUCUTA calle 13A #1E-35 Caobos","permiso_agendar":"1","permiso_hamb":"1","permiso_procedimientos":"1","permiso_informes":"1","permiso_usuarios":"1","estado":"1","id_JSON":null},{"id":"44","tipoid":"CE","numid":"984151","nombres":"Ydana Liggi Martinez Abello","profesion":"2","reg_prof":"984151","institucion":"COMITE INTERNACIONAL DE RESCATE","user":"ydanaM","pass":"amor","direccion":"CUCUTA calle 13A #1E-35 Caobos","permiso_agendar":"1","permiso_hamb":"1","permiso_procedimientos":"1","permiso_informes":"1","permiso_usuarios":"1","estado":"1","id_JSON":null},{"id":"44","tipoid":"CE","numid":"984151","nombres":"Ydana Liggi Martinez Abello","profesion":"2","reg_prof":"984151","institucion":"COMITE INTERNACIONAL DE RESCATE","user":"ydanaM","pass":"amor","direccion":"CUCUTA calle 13A #1E-35 Caobos","permiso_agendar":"1","permiso_hamb":"1","permiso_procedimientos":"1","permiso_informes":"1","permiso_usuarios":"1","estado":"1","id_JSON":null},{"id":"44","tipoid":"CE","numid":"984151","nombres":"Ydana Liggi Martinez Abello","profesion":"2","reg_prof":"984151","institucion":"COMITE INTERNACIONAL DE RESCATE","user":"ydanaM","pass":"amor","direccion":"CUCUTA calle 13A #1E-35 Caobos","permiso_agendar":"1","permiso_hamb":"1","permiso_procedimientos":"1","permiso_informes":"1","permiso_usuarios":"1","estado":"1","id_JSON":null},{"id":"44","tipoid":"CE","numid":"984151","nombres":"Ydana Liggi Martinez Abello","profesion":"2","reg_prof":"984151","institucion":"COMITE INTERNACIONAL DE RESCATE","user":"ydanaM","pass":"amor","direccion":"CUCUTA calle 13A #1E-35 Caobos","permiso_agendar":"1","permiso_hamb":"1","permiso_procedimientos":"1","permiso_informes":"1","permiso_usuarios":"1","estado":"1","id_JSON":null},{"id":"44","tipoid":"CE","numid":"984151","nombres":"Ydana Liggi Martinez Abello","profesion":"2","reg_prof":"984151","institucion":"COMITE INTERNACIONAL DE RESCATE","user":"ydanaM","pass":"amor","direccion":"CUCUTA calle 13A #1E-35 Caobos","permiso_agendar":"1","permiso_hamb":"1","permiso_procedimientos":"1","permiso_informes":"1","permiso_usuarios":"1","estado":"1","id_JSON":null},{"id":"44","tipoid":"CE","numid":"984151","nombres":"Ydana Liggi Martinez Abello","profesion":"2","reg_prof":"984151","institucion":"COMITE INTERNACIONAL DE RESCATE","user":"ydanaM","pass":"amor","direccion":"CUCUTA calle 13A #1E-35 Caobos","permiso_agendar":"1","permiso_hamb":"1","permiso_procedimientos":"1","permiso_informes":"1","permiso_usuarios":"1","estado":"1","id_JSON":null},{"id":"44","tipoid":"CE","numid":"984151","nombres":"Ydana Liggi Martinez Abello","profesion":"2","reg_prof":"984151","institucion":"COMITE INTERNACIONAL DE RESCATE","user":"ydanaM","pass":"amor","direccion":"CUCUTA calle 13A #1E-35 Caobos","permiso_agendar":"1","permiso_hamb":"1","permiso_procedimientos":"1","permiso_informes":"1","permiso_usuarios":"1","estado":"1","id_JSON":null},{"id":"44","tipoid":"CE","numid":"984151","nombres":"Ydana Liggi Martinez Abello","profesion":"2","reg_prof":"984151","institucion":"COMITE INTERNACIONAL DE RESCATE","user":"ydanaM","pass":"amor","direccion":"CUCUTA calle 13A #1E-35 Caobos","permiso_agendar":"1","permiso_hamb":"1","permiso_procedimientos":"1","permiso_informes":"1","permiso_usuarios":"1","estado":"1","id_JSON":null},{"id":"44","tipoid":"CE","numid":"984151","nombres":"Ydana Liggi Martinez Abello","profesion":"2","reg_prof":"984151","institucion":"COMITE INTERNACIONAL DE RESCATE","user":"ydanaM","pass":"amor","direccion":"CUCUTA calle 13A #1E-35 Caobos","permiso_agendar":"1","permiso_hamb":"1","permiso_procedimientos":"1","permiso_informes":"1","permiso_usuarios":"1","estado":"1","id_JSON":null},{"id":"44","tipoid":"CE","numid":"984151","nombres":"Ydana Liggi Martinez Abello","profesion":"2","reg_prof":"984151","institucion":"COMITE INTERNACIONAL DE RESCATE","user":"ydanaM","pass":"amor","direccion":"CUCUTA calle 13A #1E-35 Caobos","permiso_agendar":"1","permiso_hamb":"1","permiso_procedimientos":"1","permiso_informes":"1","permiso_usuarios":"1","estado":"1","id_JSON":null},{"id":"44","tipoid":"CE","numid":"984151","nombres":"Ydana Liggi Martinez Abello","profesion":"2","reg_prof":"984151","institucion":"COMITE INTERNACIONAL DE RESCATE","user":"ydanaM","pass":"amor","direccion":"CUCUTA calle 13A #1E-35 Caobos","permiso_agendar":"1","permiso_hamb":"1","permiso_procedimientos":"1","permiso_informes":"1","permiso_usuarios":"1","estado":"1","id_JSON":null},{"id":"44","tipoid":"CE","numid":"984151","nombres":"Ydana Liggi Martinez Abello","profesion":"2","reg_prof":"984151","institucion":"COMITE INTERNACIONAL DE RESCATE","user":"ydanaM","pass":"amor","direccion":"CUCUTA calle 13A #1E-35 Caobos","permiso_agendar":"1","permiso_hamb":"1","permiso_procedimientos":"1","permiso_informes":"1","permiso_usuarios":"1","estado":"1","id_JSON":null},{"id":"44","tipoid":"CE","numid":"984151","nombres":"Ydana Liggi Martinez Abello","profesion":"2","reg_prof":"984151","institucion":"COMITE INTERNACIONAL DE RESCATE","user":"ydanaM","pass":"amor","direccion":"CUCUTA calle 13A #1E-35 Caobos","permiso_agendar":"1","permiso_hamb":"1","permiso_procedimientos":"1","permiso_informes":"1","permiso_usuarios":"1","estado":"1","id_JSON":null},{"id":"44","tipoid":"CE","numid":"984151","nombres":"Ydana Liggi Martinez Abello","profesion":"2","reg_prof":"984151","institucion":"COMITE INTERNACIONAL DE RESCATE","user":"ydanaM","pass":"amor","direccion":"CUCUTA calle 13A #1E-35 Caobos","permiso_agendar":"1","permiso_hamb":"1","permiso_procedimientos":"1","permiso_informes":"1","permiso_usuarios":"1","estado":"1","id_JSON":null},{"id":"44","tipoid":"CE","numid":"984151","nombres":"Ydana Liggi Martinez Abello","profesion":"2","reg_prof":"984151","institucion":"COMITE INTERNACIONAL DE RESCATE","user":"ydanaM","pass":"amor","direccion":"CUCUTA calle 13A #1E-35 Caobos","permiso_agendar":"1","permiso_hamb":"1","permiso_procedimientos":"1","permiso_informes":"1","permiso_usuarios":"1","estado":"1","id_JSON":null},{"id":"44","tipoid":"CE","numid":"984151","nombres":"Ydana Liggi Martinez Abello","profesion":"2","reg_prof":"984151","institucion":"COMITE INTERNACIONAL DE RESCATE","user":"ydanaM","pass":"amor","direccion":"CUCUTA calle 13A #1E-35 Caobos","permiso_agendar":"1","permiso_hamb":"1","permiso_procedimientos":"1","permiso_informes":"1","permiso_usuarios":"1","estado":"1","id_JSON":null},{"id":"44","tipoid":"CE","numid":"984151","nombres":"Ydana Liggi Martinez Abello","profesion":"2","reg_prof":"984151","institucion":"COMITE INTERNACIONAL DE RESCATE","user":"ydanaM","pass":"amor","direccion":"CUCUTA calle 13A #1E-35 Caobos","permiso_agendar":"1","permiso_hamb":"1","permiso_procedimientos":"1","permiso_informes":"1","permiso_usuarios":"1","estado":"1","id_JSON":null},{"id":"44","tipoid":"CE","numid":"984151","nombres":"Ydana Liggi Martinez Abello","profesion":"2","reg_prof":"984151","institucion":"COMITE INTERNACIONAL DE RESCATE","user":"ydanaM","pass":"amor","direccion":"CUCUTA calle 13A #1E-35 Caobos","permiso_agendar":"1","permiso_hamb":"1","permiso_procedimientos":"1","permiso_informes":"1","permiso_usuarios":"1","estado":"1","id_JSON":null},{"id":"44","tipoid":"CE","numid":"984151","nombres":"Ydana Liggi Martinez Abello","profesion":"2","reg_prof":"984151","institucion":"COMITE INTERNACIONAL DE RESCATE","user":"ydanaM","pass":"amor","direccion":"CUCUTA calle 13A #1E-35 Caobos","permiso_agendar":"1","permiso_hamb":"1","permiso_procedimientos":"1","permiso_informes":"1","permiso_usuarios":"1","estado":"1","id_JSON":null},{"id":"44","tipoid":"CE","numid":"984151","nombres":"Ydana Liggi Martinez Abello","profesion":"2","reg_prof":"984151","institucion":"COMITE INTERNACIONAL DE RESCATE","user":"ydanaM","pass":"amor","direccion":"CUCUTA calle 13A #1E-35 Caobos","permiso_agendar":"1","permiso_hamb":"1","permiso_procedimientos":"1","permiso_informes":"1","permiso_usuarios":"1","estado":"1","id_JSON":null},{"id":"44","tipoid":"CE","numid":"984151","nombres":"Ydana Liggi Martinez Abello","profesion":"2","reg_prof":"984151","institucion":"COMITE INTERNACIONAL DE RESCATE","user":"ydanaM","pass":"amor","direccion":"CUCUTA calle 13A #1E-35 Caobos","permiso_agendar":"1","permiso_hamb":"1","permiso_procedimientos":"1","permiso_informes":"1","permiso_usuarios":"1","estado":"1","id_JSON":null},{"id":"44","tipoid":"CE","numid":"984151","nombres":"Ydana Liggi Martinez Abello","profesion":"2","reg_prof":"984151","institucion":"COMITE INTERNACIONAL DE RESCATE","user":"ydanaM","pass":"amor","direccion":"CUCUTA calle 13A #1E-35 Caobos","permiso_agendar":"1","permiso_hamb":"1","permiso_procedimientos":"1","permiso_informes":"1","permiso_usuarios":"1","estado":"1","id_JSON":null},{"id":"44","tipoid":"CE","numid":"984151","nombres":"Ydana Liggi Martinez Abello","profesion":"2","reg_prof":"984151","institucion":"COMITE INTERNACIONAL DE RESCATE","user":"ydanaM","pass":"amor","direccion":"CUCUTA calle 13A #1E-35 Caobos","permiso_agendar":"1","permiso_hamb":"1","permiso_procedimientos":"1","permiso_informes":"1","permiso_usuarios":"1","estado":"1","id_JSON":null},{"id":"44","tipoid":"CE","numid":"984151","nombres":"Ydana Liggi Martinez Abello","profesion":"2","reg_prof":"984151","institucion":"COMITE INTERNACIONAL DE RESCATE","user":"ydanaM","pass":"amor","direccion":"CUCUTA calle 13A #1E-35 Caobos","permiso_agendar":"1","permiso_hamb":"1","permiso_procedimientos":"1","permiso_informes":"1","permiso_usuarios":"1","estado":"1","id_JSON":null},{"id":"44","tipoid":"CE","numid":"984151","nombres":"Ydana Liggi Martinez Abello","profesion":"2","reg_prof":"984151","institucion":"COMITE INTERNACIONAL DE RESCATE","user":"ydanaM","pass":"amor","direccion":"CUCUTA calle 13A #1E-35 Caobos","permiso_agendar":"1","permiso_hamb":"1","permiso_procedimientos":"1","permiso_informes":"1","permiso_usuarios":"1","estado":"1","id_JSON":null},{"id":"44","tipoid":"CE","numid":"984151","nombres":"Ydana Liggi Martinez Abello","profesion":"2","reg_prof":"984151","institucion":"COMITE INTERNACIONAL DE RESCATE","user":"ydanaM","pass":"amor","direccion":"CUCUTA calle 13A #1E-35 Caobos","permiso_agendar":"1","permiso_hamb":"1","permiso_procedimientos":"1","permiso_informes":"1","permiso_usuarios":"1","estado":"1","id_JSON":null},{"id":"44","tipoid":"CE","numid":"984151","nombres":"Ydana Liggi Martinez Abello","profesion":"2","reg_prof":"984151","institucion":"COMITE INTERNACIONAL DE RESCATE","user":"ydanaM","pass":"amor","direccion":"CUCUTA calle 13A #1E-35 Caobos","permiso_agendar":"1","permiso_hamb":"1","permiso_procedimientos":"1","permiso_informes":"1","permiso_usuarios":"1","estado":"1","id_JSON":null},{"id":"44","tipoid":"CE","numid":"984151","nombres":"Ydana Liggi Martinez Abello","profesion":"2","reg_prof":"984151","institucion":"COMITE INTERNACIONAL DE RESCATE","user":"ydanaM","pass":"amor","direccion":"CUCUTA calle 13A #1E-35 Caobos","permiso_agendar":"1","permiso_hamb":"1","permiso_procedimientos":"1","permiso_informes":"1","permiso_usuarios":"1","estado":"1","id_JSON":null},{"id":"44","tipoid":"CE","numid":"984151","nombres":"Ydana Liggi Martinez Abello","profesion":"2","reg_prof":"984151","institucion":"COMITE INTERNACIONAL DE RESCATE","user":"ydanaM","pass":"amor","direccion":"CUCUTA calle 13A #1E-35 Caobos","permiso_agendar":"1","permiso_hamb":"1","permiso_procedimientos":"1","permiso_informes":"1","permiso_usuarios":"1","estado":"1","id_JSON":null},{"id":"44","tipoid":"CE","numid":"984151","nombres":"Ydana Liggi Martinez Abello","profesion":"2","reg_prof":"984151","institucion":"COMITE INTERNACIONAL DE RESCATE","user":"ydanaM","pass":"amor","direccion":"CUCUTA calle 13A #1E-35 Caobos","permiso_agendar":"1","permiso_hamb":"1","permiso_procedimientos":"1","permiso_informes":"1","permiso_usuarios":"1","estado":"1","id_JSON":null},{"id":"44","tipoid":"CE","numid":"984151","nombres":"Ydana Liggi Martinez Abello","profesion":"2","reg_prof":"984151","institucion":"COMITE INTERNACIONAL DE RESCATE","user":"ydanaM","pass":"amor","direccion":"CUCUTA calle 13A #1E-35 Caobos","permiso_agendar":"1","permiso_hamb":"1","permiso_procedimientos":"1","permiso_informes":"1","permiso_usuarios":"1","estado":"1","id_JSON":null},{"id":"44","tipoid":"CE","numid":"984151","nombres":"Ydana Liggi Martinez Abello","profesion":"2","reg_prof":"984151","institucion":"COMITE INTERNACIONAL DE RESCATE","user":"ydanaM","pass":"amor","direccion":"CUCUTA calle 13A #1E-35 Caobos","permiso_agendar":"1","permiso_hamb":"1","permiso_procedimientos":"1","permiso_informes":"1","permiso_usuarios":"1","estado":"1","id_JSON":null},{"id":"44","tipoid":"CE","numid":"984151","nombres":"Ydana Liggi Martinez Abello","profesion":"2","reg_prof":"984151","institucion":"COMITE INTERNACIONAL DE RESCATE","user":"ydanaM","pass":"amor","direccion":"CUCUTA calle 13A #1E-35 Caobos","permiso_agendar":"1","permiso_hamb":"1","permiso_procedimientos":"1","permiso_informes":"1","permiso_usuarios":"1","estado":"1","id_JSON":null},{"id":"44","tipoid":"CE","numid":"984151","nombres":"Ydana Liggi Martinez Abello","profesion":"2","reg_prof":"984151","institucion":"COMITE INTERNACIONAL DE RESCATE","user":"ydanaM","pass":"amor","direccion":"CUCUTA calle 13A #1E-35 Caobos","permiso_agendar":"1","permiso_hamb":"1","permiso_procedimientos":"1","permiso_informes":"1","permiso_usuarios":"1","estado":"1","id_JSON":null},{"id":"44","tipoid":"CE","numid":"984151","nombres":"Ydana Liggi Martinez Abello","profesion":"2","reg_prof":"984151","institucion":"COMITE INTERNACIONAL DE RESCATE","user":"ydanaM","pass":"amor","direccion":"CUCUTA calle 13A #1E-35 Caobos","permiso_agendar":"1","permiso_hamb":"1","permiso_procedimientos":"1","permiso_informes":"1","permiso_usuarios":"1","estado":"1","id_JSON":null},{"id":"44","tipoid":"CE","numid":"984151","nombres":"Ydana Liggi Martinez Abello","profesion":"2","reg_prof":"984151","institucion":"COMITE INTERNACIONAL DE RESCATE","user":"ydanaM","pass":"amor","direccion":"CUCUTA calle 13A #1E-35 Caobos","permiso_agendar":"1","permiso_hamb":"1","permiso_procedimientos":"1","permiso_informes":"1","permiso_usuarios":"1","estado":"1","id_JSON":null},{"id":"44","tipoid":"CE","numid":"984151","nombres":"Ydana Liggi Martinez Abello","profesion":"2","reg_prof":"984151","institucion":"COMITE INTERNACIONAL DE RESCATE","user":"ydanaM","pass":"amor","direccion":"CUCUTA calle 13A #1E-35 Caobos","permiso_agendar":"1","permiso_hamb":"1","permiso_procedimientos":"1","permiso_informes":"1","permiso_usuarios":"1","estado":"1","id_JSON":null},{"id":"44","tipoid":"CE","numid":"984151","nombres":"Ydana Liggi Martinez Abello","profesion":"2","reg_prof":"984151","institucion":"COMITE INTERNACIONAL DE RESCATE","user":"ydanaM","pass":"amor","direccion":"CUCUTA calle 13A #1E-35 Caobos","permiso_agendar":"1","permiso_hamb":"1","permiso_procedimientos":"1","permiso_informes":"1","permiso_usuarios":"1","estado":"1","id_JSON":null},{"id":"44","tipoid":"CE","numid":"984151","nombres":"Ydana Liggi Martinez Abello","profesion":"2","reg_prof":"984151","institucion":"COMITE INTERNACIONAL DE RESCATE","user":"ydanaM","pass":"amor","direccion":"CUCUTA calle 13A #1E-35 Caobos","permiso_agendar":"1","permiso_hamb":"1","permiso_procedimientos":"1","permiso_informes":"1","permiso_usuarios":"1","estado":"1","id_JSON":null},{"id":"44","tipoid":"CE","numid":"984151","nombres":"Ydana Liggi Martinez Abello","profesion":"2","reg_prof":"984151","institucion":"COMITE INTERNACIONAL DE RESCATE","user":"ydanaM","pass":"amor","direccion":"CUCUTA calle 13A #1E-35 Caobos","permiso_agendar":"1","permiso_hamb":"1","permiso_procedimientos":"1","permiso_informes":"1","permiso_usuarios":"1","estado":"1","id_JSON":null},{"id":"44","tipoid":"CE","numid":"984151","nombres":"Ydana Liggi Martinez Abello","profesion":"2","reg_prof":"984151","institucion":"COMITE INTERNACIONAL DE RESCATE","user":"ydanaM","pass":"amor","direccion":"CUCUTA calle 13A #1E-35 Caobos","permiso_agendar":"1","permiso_hamb":"1","permiso_procedimientos":"1","permiso_informes":"1","permiso_usuarios":"1","estado":"1","id_JSON":null},{"id":"44","tipoid":"CE","numid":"984151","nombres":"Ydana Liggi Martinez Abello","profesion":"2","reg_prof":"984151","institucion":"COMITE INTERNACIONAL DE RESCATE","user":"ydanaM","pass":"amor","direccion":"CUCUTA calle 13A #1E-35 Caobos","permiso_agendar":"1","permiso_hamb":"1","permiso_procedimientos":"1","permiso_informes":"1","permiso_usuarios":"1","estado":"1","id_JSON":null},{"id":"44","tipoid":"CE","numid":"984151","nombres":"Ydana Liggi Martinez Abello","profesion":"2","reg_prof":"984151","institucion":"COMITE INTERNACIONAL DE RESCATE","user":"ydanaM","pass":"amor","direccion":"CUCUTA calle 13A #1E-35 Caobos","permiso_agendar":"1","permiso_hamb":"1","permiso_procedimientos":"1","permiso_informes":"1","permiso_usuarios":"1","estado":"1","id_JSON":null},{"id":"44","tipoid":"CE","numid":"984151","nombres":"Ydana Liggi Martinez Abello","profesion":"2","reg_prof":"984151","institucion":"COMITE INTERNACIONAL DE RESCATE","user":"ydanaM","pass":"amor","direccion":"CUCUTA calle 13A #1E-35 Caobos","permiso_agendar":"1","permiso_hamb":"1","permiso_procedimientos":"1","permiso_informes":"1","permiso_usuarios":"1","estado":"1","id_JSON":null},{"id":"44","tipoid":"CE","numid":"984151","nombres":"Ydana Liggi Martinez Abello","profesion":"2","reg_prof":"984151","institucion":"COMITE INTERNACIONAL DE RESCATE","user":"ydanaM","pass":"amor","direccion":"CUCUTA calle 13A #1E-35 Caobos","permiso_agendar":"1","permiso_hamb":"1","permiso_procedimientos":"1","permiso_informes":"1","permiso_usuarios":"1","estado":"1","id_JSON":null},{"id":"44","tipoid":"CE","numid":"984151","nombres":"Ydana Liggi Martinez Abello","profesion":"2","reg_prof":"984151","institucion":"COMITE INTERNACIONAL DE RESCATE","user":"ydanaM","pass":"amor","direccion":"CUCUTA calle 13A #1E-35 Caobos","permiso_agendar":"1","permiso_hamb":"1","permiso_procedimientos":"1","permiso_informes":"1","permiso_usuarios":"1","estado":"1","id_JSON":null},{"id":"44","tipoid":"CE","numid":"984151","nombres":"Ydana Liggi Martinez Abello","profesion":"2","reg_prof":"984151","institucion":"COMITE INTERNACIONAL DE RESCATE","user":"ydanaM","pass":"amor","direccion":"CUCUTA calle 13A #1E-35 Caobos","permiso_agendar":"1","permiso_hamb":"1","permiso_procedimientos":"1","permiso_informes":"1","permiso_usuarios":"1","estado":"1","id_JSON":null},{"id":"44","tipoid":"CE","numid":"984151","nombres":"Ydana Liggi Martinez Abello","profesion":"2","reg_prof":"984151","institucion":"COMITE INTERNACIONAL DE RESCATE","user":"ydanaM","pass":"amor","direccion":"CUCUTA calle 13A #1E-35 Caobos","permiso_agendar":"1","permiso_hamb":"1","permiso_procedimientos":"1","permiso_informes":"1","permiso_usuarios":"1","estado":"1","id_JSON":null},{"id":"44","tipoid":"CE","numid":"984151","nombres":"Ydana Liggi Martinez Abello","profesion":"2","reg_prof":"984151","institucion":"COMITE INTERNACIONAL DE RESCATE","user":"ydanaM","pass":"amor","direccion":"CUCUTA calle 13A #1E-35 Caobos","permiso_agendar":"1","permiso_hamb":"1","permiso_procedimientos":"1","permiso_informes":"1","permiso_usuarios":"1","estado":"1","id_JSON":null},{"id":"44","tipoid":"CE","numid":"984151","nombres":"Ydana Liggi Martinez Abello","profesion":"2","reg_prof":"984151","institucion":"COMITE INTERNACIONAL DE RESCATE","user":"ydanaM","pass":"amor","direccion":"CUCUTA calle 13A #1E-35 Caobos","permiso_agendar":"1","permiso_hamb":"1","permiso_procedimientos":"1","permiso_informes":"1","permiso_usuarios":"1","estado":"1","id_JSON":null},{"id":"44","tipoid":"CE","numid":"984151","nombres":"Ydana Liggi Martinez Abello","profesion":"2","reg_prof":"984151","institucion":"COMITE INTERNACIONAL DE RESCATE","user":"ydanaM","pass":"amor","direccion":"CUCUTA calle 13A #1E-35 Caobos","permiso_agendar":"1","permiso_hamb":"1","permiso_procedimientos":"1","permiso_informes":"1","permiso_usuarios":"1","estado":"1","id_JSON":null},{"id":"44","tipoid":"CE","numid":"984151","nombres":"Ydana Liggi Martinez Abello","profesion":"2","reg_prof":"984151","institucion":"COMITE INTERNACIONAL DE RESCATE","user":"ydanaM","pass":"amor","direccion":"CUCUTA calle 13A #1E-35 Caobos","permiso_agendar":"1","permiso_hamb":"1","permiso_procedimientos":"1","permiso_informes":"1","permiso_usuarios":"1","estado":"1","id_JSON":null},{"id":"44","tipoid":"CE","numid":"984151","nombres":"Ydana Liggi Martinez Abello","profesion":"2","reg_prof":"984151","institucion":"COMITE INTERNACIONAL DE RESCATE","user":"ydanaM","pass":"amor","direccion":"CUCUTA calle 13A #1E-35 Caobos","permiso_agendar":"1","permiso_hamb":"1","permiso_procedimientos":"1","permiso_informes":"1","permiso_usuarios":"1","estado":"1","id_JSON":null},{"id":"44","tipoid":"CE","numid":"984151","nombres":"Ydana Liggi Martinez Abello","profesion":"2","reg_prof":"984151","institucion":"COMITE INTERNACIONAL DE RESCATE","user":"ydanaM","pass":"amor","direccion":"CUCUTA calle 13A #1E-35 Caobos","permiso_agendar":"1","permiso_hamb":"1","permiso_procedimientos":"1","permiso_informes":"1","permiso_usuarios":"1","estado":"1","id_JSON":null},{"id":"44","tipoid":"CE","numid":"984151","nombres":"Ydana Liggi Martinez Abello","profesion":"2","reg_prof":"984151","institucion":"COMITE INTERNACIONAL DE RESCATE","user":"ydanaM","pass":"amor","direccion":"CUCUTA calle 13A #1E-35 Caobos","permiso_agendar":"1","permiso_hamb":"1","permiso_procedimientos":"1","permiso_informes":"1","permiso_usuarios":"1","estado":"1","id_JSON":null},{"id":"44","tipoid":"CE","numid":"984151","nombres":"Ydana Liggi Martinez Abello","profesion":"2","reg_prof":"984151","institucion":"COMITE INTERNACIONAL DE RESCATE","user":"ydanaM","pass":"amor","direccion":"CUCUTA calle 13A #1E-35 Caobos","permiso_agendar":"1","permiso_hamb":"1","permiso_procedimientos":"1","permiso_informes":"1","permiso_usuarios":"1","estado":"1","id_JSON":null},{"id":"44","tipoid":"CE","numid":"984151","nombres":"Ydana Liggi Martinez Abello","profesion":"2","reg_prof":"984151","institucion":"COMITE INTERNACIONAL DE RESCATE","user":"ydanaM","pass":"amor","direccion":"CUCUTA calle 13A #1E-35 Caobos","permiso_agendar":"1","permiso_hamb":"1","permiso_procedimientos":"1","permiso_informes":"1","permiso_usuarios":"1","estado":"1","id_JSON":null},{"id":"44","tipoid":"CE","numid":"984151","nombres":"Ydana Liggi Martinez Abello","profesion":"2","reg_prof":"984151","institucion":"COMITE INTERNACIONAL DE RESCATE","user":"ydanaM","pass":"amor","direccion":"CUCUTA calle 13A #1E-35 Caobos","permiso_agendar":"1","permiso_hamb":"1","permiso_procedimientos":"1","permiso_informes":"1","permiso_usuarios":"1","estado":"1","id_JSON":null},{"id":"44","tipoid":"CE","numid":"984151","nombres":"Ydana Liggi Martinez Abello","profesion":"2","reg_prof":"984151","institucion":"COMITE INTERNACIONAL DE RESCATE","user":"ydanaM","pass":"amor","direccion":"CUCUTA calle 13A #1E-35 Caobos","permiso_agendar":"1","permiso_hamb":"1","permiso_procedimientos":"1","permiso_informes":"1","permiso_usuarios":"1","estado":"1","id_JSON":null},{"id":"44","tipoid":"CE","numid":"984151","nombres":"Ydana Liggi Martinez Abello","profesion":"2","reg_prof":"984151","institucion":"COMITE INTERNACIONAL DE RESCATE","user":"ydanaM","pass":"amor","direccion":"CUCUTA calle 13A #1E-35 Caobos","permiso_agendar":"1","permiso_hamb":"1","permiso_procedimientos":"1","permiso_informes":"1","permiso_usuarios":"1","estado":"1","id_JSON":null},{"id":"44","tipoid":"CE","numid":"984151","nombres":"Ydana Liggi Martinez Abello","profesion":"2","reg_prof":"984151","institucion":"COMITE INTERNACIONAL DE RESCATE","user":"ydanaM","pass":"amor","direccion":"CUCUTA calle 13A #1E-35 Caobos","permiso_agendar":"1","permiso_hamb":"1","permiso_procedimientos":"1","permiso_informes":"1","permiso_usuarios":"1","estado":"1","id_JSON":null},{"id":"44","tipoid":"CE","numid":"984151","nombres":"Ydana Liggi Martinez Abello","profesion":"2","reg_prof":"984151","institucion":"COMITE INTERNACIONAL DE RESCATE","user":"ydanaM","pass":"amor","direccion":"CUCUTA calle 13A #1E-35 Caobos","permiso_agendar":"1","permiso_hamb":"1","permiso_procedimientos":"1","permiso_informes":"1","permiso_usuarios":"1","estado":"1","id_JSON":null},{"id":"44","tipoid":"CE","numid":"984151","nombres":"Ydana Liggi Martinez Abello","profesion":"2","reg_prof":"984151","institucion":"COMITE INTERNACIONAL DE RESCATE","user":"ydanaM","pass":"amor","direccion":"CUCUTA calle 13A #1E-35 Caobos","permiso_agendar":"1","permiso_hamb":"1","permiso_procedimientos":"1","permiso_informes":"1","permiso_usuarios":"1","estado":"1","id_JSON":null},{"id":"44","tipoid":"CE","numid":"984151","nombres":"Ydana Liggi Martinez Abello","profesion":"2","reg_prof":"984151","institucion":"COMITE INTERNACIONAL DE RESCATE","user":"ydanaM","pass":"amor","direccion":"CUCUTA calle 13A #1E-35 Caobos","permiso_agendar":"1","permiso_hamb":"1","permiso_procedimientos":"1","permiso_informes":"1","permiso_usuarios":"1","estado":"1","id_JSON":null},{"id":"44","tipoid":"CE","numid":"984151","nombres":"Ydana Liggi Martinez Abello","profesion":"2","reg_prof":"984151","institucion":"COMITE INTERNACIONAL DE RESCATE","user":"ydanaM","pass":"amor","direccion":"CUCUTA calle 13A #1E-35 Caobos","permiso_agendar":"1","permiso_hamb":"1","permiso_procedimientos":"1","permiso_informes":"1","permiso_usuarios":"1","estado":"1","id_JSON":null},{"id":"44","tipoid":"CE","numid":"984151","nombres":"Ydana Liggi Martinez Abello","profesion":"2","reg_prof":"984151","institucion":"COMITE INTERNACIONAL DE RESCATE","user":"ydanaM","pass":"amor","direccion":"CUCUTA calle 13A #1E-35 Caobos","permiso_agendar":"1","permiso_hamb":"1","permiso_procedimientos":"1","permiso_informes":"1","permiso_usuarios":"1","estado":"1","id_JSON":null},{"id":"44","tipoid":"CE","numid":"984151","nombres":"Ydana Liggi Martinez Abello","profesion":"2","reg_prof":"984151","institucion":"COMITE INTERNACIONAL DE RESCATE","user":"ydanaM","pass":"amor","direccion":"CUCUTA calle 13A #1E-35 Caobos","permiso_agendar":"1","permiso_hamb":"1","permiso_procedimientos":"1","permiso_informes":"1","permiso_usuarios":"1","estado":"1","id_JSON":null},{"id":"44","tipoid":"CE","numid":"984151","nombres":"Ydana Liggi Martinez Abello","profesion":"2","reg_prof":"984151","institucion":"COMITE INTERNACIONAL DE RESCATE","user":"ydanaM","pass":"amor","direccion":"CUCUTA calle 13A #1E-35 Caobos","permiso_agendar":"1","permiso_hamb":"1","permiso_procedimientos":"1","permiso_informes":"1","permiso_usuarios":"1","estado":"1","id_JSON":null},{"id":"44","tipoid":"CE","numid":"984151","nombres":"Ydana Liggi Martinez Abello","profesion":"2","reg_prof":"984151","institucion":"COMITE INTERNACIONAL DE RESCATE","user":"ydanaM","pass":"amor","direccion":"CUCUTA calle 13A #1E-35 Caobos","permiso_agendar":"1","permiso_hamb":"1","permiso_procedimientos":"1","permiso_informes":"1","permiso_usuarios":"1","estado":"1","id_JSON":null},{"id":"44","tipoid":"CE","numid":"984151","nombres":"Ydana Liggi Martinez Abello","profesion":"2","reg_prof":"984151","institucion":"COMITE INTERNACIONAL DE RESCATE","user":"ydanaM","pass":"amor","direccion":"CUCUTA calle 13A #1E-35 Caobos","permiso_agendar":"1","permiso_hamb":"1","permiso_procedimientos":"1","permiso_informes":"1","permiso_usuarios":"1","estado":"1","id_JSON":null},{"id":"44","tipoid":"CE","numid":"984151","nombres":"Ydana Liggi Martinez Abello","profesion":"2","reg_prof":"984151","institucion":"COMITE INTERNACIONAL DE RESCATE","user":"ydanaM","pass":"amor","direccion":"CUCUTA calle 13A #1E-35 Caobos","permiso_agendar":"1","permiso_hamb":"1","permiso_procedimientos":"1","permiso_informes":"1","permiso_usuarios":"1","estado":"1","id_JSON":null},{"id":"44","tipoid":"CE","numid":"984151","nombres":"Ydana Liggi Martinez Abello","profesion":"2","reg_prof":"984151","institucion":"COMITE INTERNACIONAL DE RESCATE","user":"ydanaM","pass":"amor","direccion":"CUCUTA calle 13A #1E-35 Caobos","permiso_agendar":"1","permiso_hamb":"1","permiso_procedimientos":"1","permiso_informes":"1","permiso_usuarios":"1","estado":"1","id_JSON":null},{"id":"44","tipoid":"CE","numid":"984151","nombres":"Ydana Liggi Martinez Abello","profesion":"2","reg_prof":"984151","institucion":"COMITE INTERNACIONAL DE RESCATE","user":"ydanaM","pass":"amor","direccion":"CUCUTA calle 13A #1E-35 Caobos","permiso_agendar":"1","permiso_hamb":"1","permiso_procedimientos":"1","permiso_informes":"1","permiso_usuarios":"1","estado":"1","id_JSON":null},{"id":"44","tipoid":"CE","numid":"984151","nombres":"Ydana Liggi Martinez Abello","profesion":"2","reg_prof":"984151","institucion":"COMITE INTERNACIONAL DE RESCATE","user":"ydanaM","pass":"amor","direccion":"CUCUTA calle 13A #1E-35 Caobos","permiso_agendar":"1","permiso_hamb":"1","permiso_procedimientos":"1","permiso_informes":"1","permiso_usuarios":"1","estado":"1","id_JSON":null},{"id":"44","tipoid":"CE","numid":"984151","nombres":"Ydana Liggi Martinez Abello","profesion":"2","reg_prof":"984151","institucion":"COMITE INTERNACIONAL DE RESCATE","user":"ydanaM","pass":"amor","direccion":"CUCUTA calle 13A #1E-35 Caobos","permiso_agendar":"1","permiso_hamb":"1","permiso_procedimientos":"1","permiso_informes":"1","permiso_usuarios":"1","estado":"1","id_JSON":null},{"id":"44","tipoid":"CE","numid":"984151","nombres":"Ydana Liggi Martinez Abello","profesion":"2","reg_prof":"984151","institucion":"COMITE INTERNACIONAL DE RESCATE","user":"ydanaM","pass":"amor","direccion":"CUCUTA calle 13A #1E-35 Caobos","permiso_agendar":"1","permiso_hamb":"1","permiso_procedimientos":"1","permiso_informes":"1","permiso_usuarios":"1","estado":"1","id_JSON":null},{"id":"44","tipoid":"CE","numid":"984151","nombres":"Ydana Liggi Martinez Abello","profesion":"2","reg_prof":"984151","institucion":"COMITE INTERNACIONAL DE RESCATE","user":"ydanaM","pass":"amor","direccion":"CUCUTA calle 13A #1E-35 Caobos","permiso_agendar":"1","permiso_hamb":"1","permiso_procedimientos":"1","permiso_informes":"1","permiso_usuarios":"1","estado":"1","id_JSON":null},{"id":"44","tipoid":"CE","numid":"984151","nombres":"Ydana Liggi Martinez Abello","profesion":"2","reg_prof":"984151","institucion":"COMITE INTERNACIONAL DE RESCATE","user":"ydanaM","pass":"amor","direccion":"CUCUTA calle 13A #1E-35 Caobos","permiso_agendar":"1","permiso_hamb":"1","permiso_procedimientos":"1","permiso_informes":"1","permiso_usuarios":"1","estado":"1","id_JSON":null},{"id":"44","tipoid":"CE","numid":"984151","nombres":"Ydana Liggi Martinez Abello","profesion":"2","reg_prof":"984151","institucion":"COMITE INTERNACIONAL DE RESCATE","user":"ydanaM","pass":"amor","direccion":"CUCUTA calle 13A #1E-35 Caobos","permiso_agendar":"1","permiso_hamb":"1","permiso_procedimientos":"1","permiso_informes":"1","permiso_usuarios":"1","estado":"1","id_JSON":null},{"id":"44","tipoid":"CE","numid":"984151","nombres":"Ydana Liggi Martinez Abello","profesion":"2","reg_prof":"984151","institucion":"COMITE INTERNACIONAL DE RESCATE","user":"ydanaM","pass":"amor","direccion":"CUCUTA calle 13A #1E-35 Caobos","permiso_agendar":"1","permiso_hamb":"1","permiso_procedimientos":"1","permiso_informes":"1","permiso_usuarios":"1","estado":"1","id_JSON":null},{"id":"44","tipoid":"CE","numid":"984151","nombres":"Ydana Liggi Martinez Abello","profesion":"2","reg_prof":"984151","institucion":"COMITE INTERNACIONAL DE RESCATE","user":"ydanaM","pass":"amor","direccion":"CUCUTA calle 13A #1E-35 Caobos","permiso_agendar":"1","permiso_hamb":"1","permiso_procedimientos":"1","permiso_informes":"1","permiso_usuarios":"1","estado":"1","id_JSON":null},{"id":"44","tipoid":"CE","numid":"984151","nombres":"Ydana Liggi Martinez Abello","profesion":"2","reg_prof":"984151","institucion":"COMITE INTERNACIONAL DE RESCATE","user":"ydanaM","pass":"amor","direccion":"CUCUTA calle 13A #1E-35 Caobos","permiso_agendar":"1","permiso_hamb":"1","permiso_procedimientos":"1","permiso_informes":"1","permiso_usuarios":"1","estado":"1","id_JSON":null},{"id":"44","tipoid":"CE","numid":"984151","nombres":"Ydana Liggi Martinez Abello","profesion":"2","reg_prof":"984151","institucion":"COMITE INTERNACIONAL DE RESCATE","user":"ydanaM","pass":"amor","direccion":"CUCUTA calle 13A #1E-35 Caobos","permiso_agendar":"1","permiso_hamb":"1","permiso_procedimientos":"1","permiso_informes":"1","permiso_usuarios":"1","estado":"1","id_JSON":null},{"id":"44","tipoid":"CE","numid":"984151","nombres":"Ydana Liggi Martinez Abello","profesion":"2","reg_prof":"984151","institucion":"COMITE INTERNACIONAL DE RESCATE","user":"ydanaM","pass":"amor","direccion":"CUCUTA calle 13A #1E-35 Caobos","permiso_agendar":"1","permiso_hamb":"1","permiso_procedimientos":"1","permiso_informes":"1","permiso_usuarios":"1","estado":"1","id_JSON":null},{"id":"44","tipoid":"CE","numid":"984151","nombres":"Ydana Liggi Martinez Abello","profesion":"2","reg_prof":"984151","institucion":"COMITE INTERNACIONAL DE RESCATE","user":"ydanaM","pass":"amor","direccion":"CUCUTA calle 13A #1E-35 Caobos","permiso_agendar":"1","permiso_hamb":"1","permiso_procedimientos":"1","permiso_informes":"1","permiso_usuarios":"1","estado":"1","id_JSON":null},{"id":"44","tipoid":"CE","numid":"984151","nombres":"Ydana Liggi Martinez Abello","profesion":"2","reg_prof":"984151","institucion":"COMITE INTERNACIONAL DE RESCATE","user":"ydanaM","pass":"amor","direccion":"CUCUTA calle 13A #1E-35 Caobos","permiso_agendar":"1","permiso_hamb":"1","permiso_procedimientos":"1","permiso_informes":"1","permiso_usuarios":"1","estado":"1","id_JSON":null},{"id":"44","tipoid":"CE","numid":"984151","nombres":"Ydana Liggi Martinez Abello","profesion":"2","reg_prof":"984151","institucion":"COMITE INTERNACIONAL DE RESCATE","user":"ydanaM","pass":"amor","direccion":"CUCUTA calle 13A #1E-35 Caobos","permiso_agendar":"1","permiso_hamb":"1","permiso_procedimientos":"1","permiso_informes":"1","permiso_usuarios":"1","estado":"1","id_JSON":null},{"id":"44","tipoid":"CE","numid":"984151","nombres":"Ydana Liggi Martinez Abello","profesion":"2","reg_prof":"984151","institucion":"COMITE INTERNACIONAL DE RESCATE","user":"ydanaM","pass":"amor","direccion":"CUCUTA calle 13A #1E-35 Caobos","permiso_agendar":"1","permiso_hamb":"1","permiso_procedimientos":"1","permiso_informes":"1","permiso_usuarios":"1","estado":"1","id_JSON":null},{"id":"44","tipoid":"CE","numid":"984151","nombres":"Ydana Liggi Martinez Abello","profesion":"2","reg_prof":"984151","institucion":"COMITE INTERNACIONAL DE RESCATE","user":"ydanaM","pass":"amor","direccion":"CUCUTA calle 13A #1E-35 Caobos","permiso_agendar":"1","permiso_hamb":"1","permiso_procedimientos":"1","permiso_informes":"1","permiso_usuarios":"1","estado":"1","id_JSON":null},{"id":"44","tipoid":"CE","numid":"984151","nombres":"Ydana Liggi Martinez Abello","profesion":"2","reg_prof":"984151","institucion":"COMITE INTERNACIONAL DE RESCATE","user":"ydanaM","pass":"amor","direccion":"CUCUTA calle 13A #1E-35 Caobos","permiso_agendar":"1","permiso_hamb":"1","permiso_procedimientos":"1","permiso_informes":"1","permiso_usuarios":"1","estado":"1","id_JSON":null},{"id":"44","tipoid":"CE","numid":"984151","nombres":"Ydana Liggi Martinez Abello","profesion":"2","reg_prof":"984151","institucion":"COMITE INTERNACIONAL DE RESCATE","user":"ydanaM","pass":"amor","direccion":"CUCUTA calle 13A #1E-35 Caobos","permiso_agendar":"1","permiso_hamb":"1","permiso_procedimientos":"1","permiso_informes":"1","permiso_usuarios":"1","estado":"1","id_JSON":null},{"id":"44","tipoid":"CE","numid":"984151","nombres":"Ydana Liggi Martinez Abello","profesion":"2","reg_prof":"984151","institucion":"COMITE INTERNACIONAL DE RESCATE","user":"ydanaM","pass":"amor","direccion":"CUCUTA calle 13A #1E-35 Caobos","permiso_agendar":"1","permiso_hamb":"1","permiso_procedimientos":"1","permiso_informes":"1","permiso_usuarios":"1","estado":"1","id_JSON":null},{"id":"44","tipoid":"CE","numid":"984151","nombres":"Ydana Liggi Martinez Abello","profesion":"2","reg_prof":"984151","institucion":"COMITE INTERNACIONAL DE RESCATE","user":"ydanaM","pass":"amor","direccion":"CUCUTA calle 13A #1E-35 Caobos","permiso_agendar":"1","permiso_hamb":"1","permiso_procedimientos":"1","permiso_informes":"1","permiso_usuarios":"1","estado":"1","id_JSON":null},{"id":"44","tipoid":"CE","numid":"984151","nombres":"Ydana Liggi Martinez Abello","profesion":"2","reg_prof":"984151","institucion":"COMITE INTERNACIONAL DE RESCATE","user":"ydanaM","pass":"amor","direccion":"CUCUTA calle 13A #1E-35 Caobos","permiso_agendar":"1","permiso_hamb":"1","permiso_procedimientos":"1","permiso_informes":"1","permiso_usuarios":"1","estado":"1","id_JSON":null},{"id":"44","tipoid":"CE","numid":"984151","nombres":"Ydana Liggi Martinez Abello","profesion":"2","reg_prof":"984151","institucion":"COMITE INTERNACIONAL DE RESCATE","user":"ydanaM","pass":"amor","direccion":"CUCUTA calle 13A #1E-35 Caobos","permiso_agendar":"1","permiso_hamb":"1","permiso_procedimientos":"1","permiso_informes":"1","permiso_usuarios":"1","estado":"1","id_JSON":null},{"id":"44","tipoid":"CE","numid":"984151","nombres":"Ydana Liggi Martinez Abello","profesion":"2","reg_prof":"984151","institucion":"COMITE INTERNACIONAL DE RESCATE","user":"ydanaM","pass":"amor","direccion":"CUCUTA calle 13A #1E-35 Caobos","permiso_agendar":"1","permiso_hamb":"1","permiso_procedimientos":"1","permiso_informes":"1","permiso_usuarios":"1","estado":"1","id_JSON":null},{"id":"44","tipoid":"CE","numid":"984151","nombres":"Ydana Liggi Martinez Abello","profesion":"2","reg_prof":"984151","institucion":"COMITE INTERNACIONAL DE RESCATE","user":"ydanaM","pass":"amor","direccion":"CUCUTA calle 13A #1E-35 Caobos","permiso_agendar":"1","permiso_hamb":"1","permiso_procedimientos":"1","permiso_informes":"1","permiso_usuarios":"1","estado":"1","id_JSON":null},{"id":"44","tipoid":"CE","numid":"984151","nombres":"Ydana Liggi Martinez Abello","profesion":"2","reg_prof":"984151","institucion":"COMITE INTERNACIONAL DE RESCATE","user":"ydanaM","pass":"amor","direccion":"CUCUTA calle 13A #1E-35 Caobos","permiso_agendar":"1","permiso_hamb":"1","permiso_procedimientos":"1","permiso_informes":"1","permiso_usuarios":"1","estado":"1","id_JSON":null},{"id":"44","tipoid":"CE","numid":"984151","nombres":"Ydana Liggi Martinez Abello","profesion":"2","reg_prof":"984151","institucion":"COMITE INTERNACIONAL DE RESCATE","user":"ydanaM","pass":"amor","direccion":"CUCUTA calle 13A #1E-35 Caobos","permiso_agendar":"1","permiso_hamb":"1","permiso_procedimientos":"1","permiso_informes":"1","permiso_usuarios":"1","estado":"1","id_JSON":null},{"id":"44","tipoid":"CE","numid":"984151","nombres":"Ydana Liggi Martinez Abello","profesion":"2","reg_prof":"984151","institucion":"COMITE INTERNACIONAL DE RESCATE","user":"ydanaM","pass":"amor","direccion":"CUCUTA calle 13A #1E-35 Caobos","permiso_agendar":"1","permiso_hamb":"1","permiso_procedimientos":"1","permiso_informes":"1","permiso_usuarios":"1","estado":"1","id_JSON":null},{"id":"44","tipoid":"CE","numid":"984151","nombres":"Ydana Liggi Martinez Abello","profesion":"2","reg_prof":"984151","institucion":"COMITE INTERNACIONAL DE RESCATE","user":"ydanaM","pass":"amor","direccion":"CUCUTA calle 13A #1E-35 Caobos","permiso_agendar":"1","permiso_hamb":"1","permiso_procedimientos":"1","permiso_informes":"1","permiso_usuarios":"1","estado":"1","id_JSON":null},{"id":"44","tipoid":"CE","numid":"984151","nombres":"Ydana Liggi Martinez Abello","profesion":"2","reg_prof":"984151","institucion":"COMITE INTERNACIONAL DE RESCATE","user":"ydanaM","pass":"amor","direccion":"CUCUTA calle 13A #1E-35 Caobos","permiso_agendar":"1","permiso_hamb":"1","permiso_procedimientos":"1","permiso_informes":"1","permiso_usuarios":"1","estado":"1","id_JSON":null},{"id":"44","tipoid":"CE","numid":"984151","nombres":"Ydana Liggi Martinez Abello","profesion":"2","reg_prof":"984151","institucion":"COMITE INTERNACIONAL DE RESCATE","user":"ydanaM","pass":"amor","direccion":"CUCUTA calle 13A #1E-35 Caobos","permiso_agendar":"1","permiso_hamb":"1","permiso_procedimientos":"1","permiso_informes":"1","permiso_usuarios":"1","estado":"1","id_JSON":null},{"id":"44","tipoid":"CE","numid":"984151","nombres":"Ydana Liggi Martinez Abello","profesion":"2","reg_prof":"984151","institucion":"COMITE INTERNACIONAL DE RESCATE","user":"ydanaM","pass":"amor","direccion":"CUCUTA calle 13A #1E-35 Caobos","permiso_agendar":"1","permiso_hamb":"1","permiso_procedimientos":"1","permiso_informes":"1","permiso_usuarios":"1","estado":"1","id_JSON":null},{"id":"44","tipoid":"CE","numid":"984151","nombres":"Ydana Liggi Martinez Abello","profesion":"2","reg_prof":"984151","institucion":"COMITE INTERNACIONAL DE RESCATE","user":"ydanaM","pass":"amor","direccion":"CUCUTA calle 13A #1E-35 Caobos","permiso_agendar":"1","permiso_hamb":"1","permiso_procedimientos":"1","permiso_informes":"1","permiso_usuarios":"1","estado":"1","id_JSON":null},{"id":"44","tipoid":"CE","numid":"984151","nombres":"Ydana Liggi Martinez Abello","profesion":"2","reg_prof":"984151","institucion":"COMITE INTERNACIONAL DE RESCATE","user":"ydanaM","pass":"amor","direccion":"CUCUTA calle 13A #1E-35 Caobos","permiso_agendar":"1","permiso_hamb":"1","permiso_procedimientos":"1","permiso_informes":"1","permiso_usuarios":"1","estado":"1","id_JSON":null},{"id":"44","tipoid":"CE","numid":"984151","nombres":"Ydana Liggi Martinez Abello","profesion":"2","reg_prof":"984151","institucion":"COMITE INTERNACIONAL DE RESCATE","user":"ydanaM","pass":"amor","direccion":"CUCUTA calle 13A #1E-35 Caobos","permiso_agendar":"1","permiso_hamb":"1","permiso_procedimientos":"1","permiso_informes":"1","permiso_usuarios":"1","estado":"1","id_JSON":null},{"id":"44","tipoid":"CE","numid":"984151","nombres":"Ydana Liggi Martinez Abello","profesion":"2","reg_prof":"984151","institucion":"COMITE INTERNACIONAL DE RESCATE","user":"ydanaM","pass":"amor","direccion":"CUCUTA calle 13A #1E-35 Caobos","permiso_agendar":"1","permiso_hamb":"1","permiso_procedimientos":"1","permiso_informes":"1","permiso_usuarios":"1","estado":"1","id_JSON":null},{"id":"44","tipoid":"CE","numid":"984151","nombres":"Ydana Liggi Martinez Abello","profesion":"2","reg_prof":"984151","institucion":"COMITE INTERNACIONAL DE RESCATE","user":"ydanaM","pass":"amor","direccion":"CUCUTA calle 13A #1E-35 Caobos","permiso_agendar":"1","permiso_hamb":"1","permiso_procedimientos":"1","permiso_informes":"1","permiso_usuarios":"1","estado":"1","id_JSON":null},{"id":"44","tipoid":"CE","numid":"984151","nombres":"Ydana Liggi Martinez Abello","profesion":"2","reg_prof":"984151","institucion":"COMITE INTERNACIONAL DE RESCATE","user":"ydanaM","pass":"amor","direccion":"CUCUTA calle 13A #1E-35 Caobos","permiso_agendar":"1","permiso_hamb":"1","permiso_procedimientos":"1","permiso_informes":"1","permiso_usuarios":"1","estado":"1","id_JSON":null},{"id":"44","tipoid":"CE","numid":"984151","nombres":"Ydana Liggi Martinez Abello","profesion":"2","reg_prof":"984151","institucion":"COMITE INTERNACIONAL DE RESCATE","user":"ydanaM","pass":"amor","direccion":"CUCUTA calle 13A #1E-35 Caobos","permiso_agendar":"1","permiso_hamb":"1","permiso_procedimientos":"1","permiso_informes":"1","permiso_usuarios":"1","estado":"1","id_JSON":null},{"id":"44","tipoid":"CE","numid":"984151","nombres":"Ydana Liggi Martinez Abello","profesion":"2","reg_prof":"984151","institucion":"COMITE INTERNACIONAL DE RESCATE","user":"ydanaM","pass":"amor","direccion":"CUCUTA calle 13A #1E-35 Caobos","permiso_agendar":"1","permiso_hamb":"1","permiso_procedimientos":"1","permiso_informes":"1","permiso_usuarios":"1","estado":"1","id_JSON":null},{"id":"44","tipoid":"CE","numid":"984151","nombres":"Ydana Liggi Martinez Abello","profesion":"2","reg_prof":"984151","institucion":"COMITE INTERNACIONAL DE RESCATE","user":"ydanaM","pass":"amor","direccion":"CUCUTA calle 13A #1E-35 Caobos","permiso_agendar":"1","permiso_hamb":"1","permiso_procedimientos":"1","permiso_informes":"1","permiso_usuarios":"1","estado":"1","id_JSON":null},{"id":"44","tipoid":"CE","numid":"984151","nombres":"Ydana Liggi Martinez Abello","profesion":"2","reg_prof":"984151","institucion":"COMITE INTERNACIONAL DE RESCATE","user":"ydanaM","pass":"amor","direccion":"CUCUTA calle 13A #1E-35 Caobos","permiso_agendar":"1","permiso_hamb":"1","permiso_procedimientos":"1","permiso_informes":"1","permiso_usuarios":"1","estado":"1","id_JSON":null},{"id":"44","tipoid":"CE","numid":"984151","nombres":"Ydana Liggi Martinez Abello","profesion":"2","reg_prof":"984151","institucion":"COMITE INTERNACIONAL DE RESCATE","user":"ydanaM","pass":"amor","direccion":"CUCUTA calle 13A #1E-35 Caobos","permiso_agendar":"1","permiso_hamb":"1","permiso_procedimientos":"1","permiso_informes":"1","permiso_usuarios":"1","estado":"1","id_JSON":null},{"id":"44","tipoid":"CE","numid":"984151","nombres":"Ydana Liggi Martinez Abello","profesion":"2","reg_prof":"984151","institucion":"COMITE INTERNACIONAL DE RESCATE","user":"ydanaM","pass":"amor","direccion":"CUCUTA calle 13A #1E-35 Caobos","permiso_agendar":"1","permiso_hamb":"1","permiso_procedimientos":"1","permiso_informes":"1","permiso_usuarios":"1","estado":"1","id_JSON":null},{"id":"44","tipoid":"CE","numid":"984151","nombres":"Ydana Liggi Martinez Abello","profesion":"2","reg_prof":"984151","institucion":"COMITE INTERNACIONAL DE RESCATE","user":"ydanaM","pass":"amor","direccion":"CUCUTA calle 13A #1E-35 Caobos","permiso_agendar":"1","permiso_hamb":"1","permiso_procedimientos":"1","permiso_informes":"1","permiso_usuarios":"1","estado":"1","id_JSON":null},{"id":"44","tipoid":"CE","numid":"984151","nombres":"Ydana Liggi Martinez Abello","profesion":"2","reg_prof":"984151","institucion":"COMITE INTERNACIONAL DE RESCATE","user":"ydanaM","pass":"amor","direccion":"CUCUTA calle 13A #1E-35 Caobos","permiso_agendar":"1","permiso_hamb":"1","permiso_procedimientos":"1","permiso_informes":"1","permiso_usuarios":"1","estado":"1","id_JSON":null}]