[{"cod_dptop":"1","nombre_mnpo":"Maroa"}, {"cod_dptop":"1","nombre_mnpo":"Puerto Ayacucho"}, {"cod_dptop":"1","nombre_mnpo":"San Fernando de Atabapo"}, {"cod_dptop":"2","nombre_mnpo":"Anaco"}, {"cod_dptop":"2","nombre_mnpo":"4 de Barcelona"}, {"cod_dptop":"2","nombre_mnpo":"Barcelona"}, {"cod_dptop":"2","nombre_mnpo":"Boca de Uchire"}, {"cod_dptop":"2","nombre_mnpo":"Cantaura"}, {"cod_dptop":"2","nombre_mnpo":"Clarines"}, {"cod_dptop":"2","nombre_mnpo":"Santa Rosa"}, {"cod_dptop":"2","nombre_mnpo":"Soledad"}, {"cod_dptop":"2","nombre_mnpo":"Urica"}, {"cod_dptop":"2","nombre_mnpo":"Valle de Guanape"}, {"cod_dptop":"2","nombre_mnpo":"Sabana de Uchire"}, {"cod_dptop":"2","nombre_mnpo":"San Mateo 2"}, {"cod_dptop":"2","nombre_mnpo":"San Pablo 2"}, {"cod_dptop":"2","nombre_mnpo":"San Tome"}, {"cod_dptop":"2","nombre_mnpo":"Santa Ana de 2"}, {"cod_dptop":"2","nombre_mnpo":"Santa Fe 2"}, {"cod_dptop":"2","nombre_mnpo":"Lecheria"}, {"cod_dptop":"2","nombre_mnpo":"Onoto"}, {"cod_dptop":"2","nombre_mnpo":"Pariaguan"}, {"cod_dptop":"2","nombre_mnpo":"Piritu"}, {"cod_dptop":"2","nombre_mnpo":"Puerto La Cruz"}, {"cod_dptop":"2","nombre_mnpo":"Puerto Piritu"}, {"cod_dptop":"2","nombre_mnpo":"El Chaparro"}, {"cod_dptop":"2","nombre_mnpo":"El Pao 2"}, {"cod_dptop":"2","nombre_mnpo":"El Tigre"}, {"cod_dptop":"2","nombre_mnpo":"El Tigrito"}, {"cod_dptop":"2","nombre_mnpo":"Guanape"}, {"cod_dptop":"2","nombre_mnpo":"Guanta"}, {"cod_dptop":"3","nombre_mnpo":"Achaguas"}, {"cod_dptop":"3","nombre_mnpo":"Biruaca"}, {"cod_dptop":"3","nombre_mnpo":"Bruzual"}, {"cod_dptop":"3","nombre_mnpo":"El Amparo"}, {"cod_dptop":"3","nombre_mnpo":"El Nula"}, {"cod_dptop":"3","nombre_mnpo":"Elorza"}, {"cod_dptop":"3","nombre_mnpo":"Guasdualito"}, {"cod_dptop":"3","nombre_mnpo":"Mantecal"}, {"cod_dptop":"3","nombre_mnpo":"Puerto Paez"}, {"cod_dptop":"3","nombre_mnpo":"San Fernando de 3"}, {"cod_dptop":"3","nombre_mnpo":"San Juan de Payara"}, {"cod_dptop":"4","nombre_mnpo":"Barbacoas"}, {"cod_dptop":"4","nombre_mnpo":"Cagua"}, {"cod_dptop":"4","nombre_mnpo":"Camatagua"}, {"cod_dptop":"4","nombre_mnpo":"Choroni"}, {"cod_dptop":"4","nombre_mnpo":"Colonia Tovar"}, {"cod_dptop":"4","nombre_mnpo":"El Consejo"}, {"cod_dptop":"4","nombre_mnpo":"Villa de Cura"}, {"cod_dptop":"4","nombre_mnpo":"Zuata"}, {"cod_dptop":"4","nombre_mnpo":"San Casimiro"}, {"cod_dptop":"4","nombre_mnpo":"San Mateo"}, {"cod_dptop":"4","nombre_mnpo":"San Sebastian"}, {"cod_dptop":"4","nombre_mnpo":"Santa Cruz de 4"}, {"cod_dptop":"4","nombre_mnpo":"Tocoron"}, {"cod_dptop":"4","nombre_mnpo":"Turmero"}, {"cod_dptop":"4","nombre_mnpo":"La Victoria"}, {"cod_dptop":"4","nombre_mnpo":"Las Tejerias"}, {"cod_dptop":"4","nombre_mnpo":"Magdaleno"}, {"cod_dptop":"4","nombre_mnpo":"Maracay"}, {"cod_dptop":"4","nombre_mnpo":"Ocumare de La Costa"}, {"cod_dptop":"4","nombre_mnpo":"Palo Negro"}, {"cod_dptop":"5","nombre_mnpo":"Barinas"}, {"cod_dptop":"5","nombre_mnpo":"Barinitas"}, {"cod_dptop":"5","nombre_mnpo":"Barrancas"}, {"cod_dptop":"5","nombre_mnpo":"Calderas"}, {"cod_dptop":"5","nombre_mnpo":"Capitanejo"}, {"cod_dptop":"5","nombre_mnpo":"Ciudad Bolivia"}, {"cod_dptop":"5","nombre_mnpo":"El Canton"}, {"cod_dptop":"5","nombre_mnpo":"Las Veguitas"}, {"cod_dptop":"5","nombre_mnpo":"Libertad de 5"}, {"cod_dptop":"5","nombre_mnpo":"Sabaneta"}, {"cod_dptop":"5","nombre_mnpo":"Santa Barbara de 5"}, {"cod_dptop":"5","nombre_mnpo":"Socopo"}, {"cod_dptop":"5","nombre_mnpo":"Barinas"}, {"cod_dptop":"6","nombre_mnpo":"Caicara del Orinoco"}, {"cod_dptop":"6","nombre_mnpo":"Canaima"}, {"cod_dptop":"6","nombre_mnpo":"Ciudad 6"}, {"cod_dptop":"6","nombre_mnpo":"Ciudad Piar"}, {"cod_dptop":"6","nombre_mnpo":"El Callao"}, {"cod_dptop":"6","nombre_mnpo":"El Dorado"}, {"cod_dptop":"6","nombre_mnpo":"Upata"}, {"cod_dptop":"6","nombre_mnpo":"Matanzas"}, {"cod_dptop":"6","nombre_mnpo":"Puerto Ordaz"}, {"cod_dptop":"6","nombre_mnpo":"San Felix"}, {"cod_dptop":"6","nombre_mnpo":"Santa Elena de Uairen"}, {"cod_dptop":"6","nombre_mnpo":"Tumeremo"}, {"cod_dptop":"6","nombre_mnpo":"Unare"}, {"cod_dptop":"6","nombre_mnpo":"El Manteco"}, {"cod_dptop":"6","nombre_mnpo":"El Palmar"}, {"cod_dptop":"6","nombre_mnpo":"El Pao"}, {"cod_dptop":"6","nombre_mnpo":"Guasipati"}, {"cod_dptop":"6","nombre_mnpo":"Guri"}, {"cod_dptop":"6","nombre_mnpo":"La P4"}, {"cod_dptop":"7","nombre_mnpo":"Bejuma"}, {"cod_dptop":"7","nombre_mnpo":"Belen"}, {"cod_dptop":"7","nombre_mnpo":"Campo de 7"}, {"cod_dptop":"7","nombre_mnpo":"Canoabo"}, {"cod_dptop":"7","nombre_mnpo":"Central Tacarigua"}, {"cod_dptop":"7","nombre_mnpo":"Chirgua"}, {"cod_dptop":"7","nombre_mnpo":"San Joaquin"}, {"cod_dptop":"7","nombre_mnpo":"Tocuyito"}, {"cod_dptop":"7","nombre_mnpo":"Urama"}, {"cod_dptop":"7","nombre_mnpo":"Valencia"}, {"cod_dptop":"7","nombre_mnpo":"Vigirimita"}, {"cod_dptop":"7","nombre_mnpo":"Mariara"}, {"cod_dptop":"7","nombre_mnpo":"Miranda"}, {"cod_dptop":"7","nombre_mnpo":"Montalban"}, {"cod_dptop":"7","nombre_mnpo":"Moron"}, {"cod_dptop":"7","nombre_mnpo":"Naguanagua"}, {"cod_dptop":"7","nombre_mnpo":"Puerto Cabello"}, {"cod_dptop":"7","nombre_mnpo":"Ciudad Alianza"}, {"cod_dptop":"7","nombre_mnpo":"El Palito"}, {"cod_dptop":"7","nombre_mnpo":"Guacara"}, {"cod_dptop":"7","nombre_mnpo":"Guigue"}, {"cod_dptop":"7","nombre_mnpo":"Las Trincheras"}, {"cod_dptop":"7","nombre_mnpo":"Los Guayos"}, {"cod_dptop":"8","nombre_mnpo":"Aguirre"}, {"cod_dptop":"8","nombre_mnpo":"Apartaderos 8"}, {"cod_dptop":"8","nombre_mnpo":"Arismendi"}, {"cod_dptop":"8","nombre_mnpo":"Camuriquito"}, {"cod_dptop":"8","nombre_mnpo":"El Baúl"}, {"cod_dptop":"8","nombre_mnpo":"El Limon"}, {"cod_dptop":"8","nombre_mnpo":"Vallecito"}, {"cod_dptop":"8","nombre_mnpo":"Pi\u00f1edo"}, {"cod_dptop":"8","nombre_mnpo":"Samancito"}, {"cod_dptop":"8","nombre_mnpo":"San Carlos"}, {"cod_dptop":"8","nombrnombre":"Tachira"}, {"cod_dptop":"8","nombre_mnpo":"Tinaco"}, {"cod_dptop":"8","nombre_mnpo":"Tinaquillo"}, {"cod_dptop":"8","nombre_mnpo":"El Pao 8"}, {"cod_dptop":"8","nombre_mnpo":"El Socorro"}, {"cod_dptop":"8","nombre_mnpo":"La Aguadita"}, {"cod_dptop":"8","nombre_mnpo":"Las Vegas"}, {"cod_dptop":"8","nombre_mnpo":"Libertad de 8"}, {"cod_dptop":"8","nombre_mnpo":"Mapuey"}, {"cod_dptop":"9","nombre_mnpo":"Tucupita"}, {"cod_dptop":"10","nombre_mnpo":"Adicora"}, {"cod_dptop":"10","nombre_mnpo":"Boca de Aroa"}, {"cod_dptop":"10","nombre_mnpo":"Cabure"}, {"cod_dptop":"10","nombre_mnpo":"Capadare"}, {"cod_dptop":"10","nombre_mnpo":"Capatarida"}, {"cod_dptop":"10","nombre_mnpo":"Chichiriviche"}, {"cod_dptop":"10","nombre_mnpo":"Yaracal"}, {"cod_dptop":"10","nombre_mnpo":"San Luis"}, {"cod_dptop":"10","nombre_mnpo":"Santa Ana 10"}, {"cod_dptop":"10","nombre_mnpo":"Santa Cruz De Bucaral"}, {"cod_dptop":"10","nombre_mnpo":"Tocopero"}, {"cod_dptop":"10","nombre_mnpo":"Tocuyo de La Costa"}, {"cod_dptop":"10","nombre_mnpo":"Tucacas"}, {"cod_dptop":"10","nombre_mnpo":"Piritu 10"}, {"cod_dptop":"10","nombre_mnpo":"Pueblo Nuevo 10"}, {"cod_dptop":"10","nombre_mnpo":"Puerto Cumarebo"}, {"cod_dptop":"10","nombre_mnpo":"Punta Cardon"}, {"cod_dptop":"10","nombre_mnpo":"Punto Fijo"}, {"cod_dptop":"10","nombre_mnpo":"San Juan de Los Cayos"}, {"cod_dptop":"10","nombre_mnpo":"La Vela de Coro"}, {"cod_dptop":"10","nombre_mnpo":"Los Taques"}, {"cod_dptop":"10","nombre_mnpo":"Maparari"}, {"cod_dptop":"10","nombre_mnpo":"Mene de Mauroa"}, {"cod_dptop":"10","nombre_mnpo":"Mirimire"}, {"cod_dptop":"10","nombre_mnpo":"Pedregal"}, {"cod_dptop":"10","nombre_mnpo":"Churuguara"}, {"cod_dptop":"10","nombre_mnpo":"Coro"}, {"cod_dptop":"10","nombre_mnpo":"Cumarebo"}, {"cod_dptop":"10","nombre_mnpo":"Dabajuro"}, {"cod_dptop":"10","nombre_mnpo":"Judibana"}, {"cod_dptop":"10","nombre_mnpo":"La Cruz de Taratara"}, {"cod_dptop":"11","nombre_mnpo":"Altagracia de Orituco"}, {"cod_dptop":"11","nombre_mnpo":"Cabruta"}, {"cod_dptop":"11","nombre_mnpo":"Calabozo"}, {"cod_dptop":"11","nombre_mnpo":"Camaguan"}, {"cod_dptop":"11","nombre_mnpo":"Chaguaramas 11"}, {"cod_dptop":"11","nombre_mnpo":"El Socorro"}, {"cod_dptop":"11","nombre_mnpo":"San Juan de Los Morros"}, {"cod_dptop":"11","nombre_mnpo":"San Rafael de Laya"}, {"cod_dptop":"11","nombre_mnpo":"Santa Maria de Ipire"}, {"cod_dptop":"11","nombre_mnpo":"Tucupido"}, {"cod_dptop":"11","nombre_mnpo":"Valle de La Pascua"}, {"cod_dptop":"11","nombre_mnpo":"Zaraza"}, {"cod_dptop":"11","nombre_mnpo":"El Sombrero"}, {"cod_dptop":"11","nombre_mnpo":"Las Mercedes de Los Llanos"}, {"cod_dptop":"11","nombre_mnpo":"Lezama"}, {"cod_dptop":"11","nombre_mnpo":"Onoto"}, {"cod_dptop":"11","nombre_mnpo":"Ortiz"}, {"cod_dptop":"11","nombre_mnpo":"San Jose de Guaribe"}, {"cod_dptop":"12","nombre_mnpo":"Aguada Grande"}, {"cod_dptop":"12","nombre_mnpo":"Atarigua"}, {"cod_dptop":"12","nombre_mnpo":"Barquisimeto"}, {"cod_dptop":"12","nombre_mnpo":"Bobare"}, {"cod_dptop":"12","nombre_mnpo":"Cabudare"}, {"cod_dptop":"12","nombre_mnpo":"Carora"}, {"cod_dptop":"12","nombre_mnpo":"Sanare"}, {"cod_dptop":"12","nombre_mnpo":"Santa Ines"}, {"cod_dptop":"12","nombre_mnpo":"Sarare"}, {"cod_dptop":"12","nombre_mnpo":"Siquisique"}, {"cod_dptop":"12","nombre_mnpo":"Tintorero"}, {"cod_dptop":"12","nombre_mnpo":"Humocaro Alto"}, {"cod_dptop":"12","nombre_mnpo":"Humocaro Bajo"}, {"cod_dptop":"12","nombre_mnpo":"La Miel"}, {"cod_dptop":"12","nombre_mnpo":"Moroturo"}, {"cod_dptop":"12","nombre_mnpo":"Quibor"}, {"cod_dptop":"12","nombre_mnpo":"Rio Claro"}, {"cod_dptop":"12","nombre_mnpo":"Cubiro"}, {"cod_dptop":"12","nombre_mnpo":"Cuji"}, {"cod_dptop":"12","nombre_mnpo":"Duaca"}, {"cod_dptop":"12","nombre_mnpo":"El Manzano"}, {"cod_dptop":"12","nombre_mnpo":"El Tocuyo"}, {"cod_dptop":"12","nombre_mnpo":"Guarico"}, {"cod_dptop":"13","nombre_mnpo":"Apartaderos 13"}, {"cod_dptop":"13","nombre_mnpo":"Arapuey"}, {"cod_dptop":"13","nombre_mnpo":"Bailadores"}, {"cod_dptop":"13","nombre_mnpo":"Caja Seca"}, {"cod_dptop":"13","nombre_mnpo":"Canagua"}, {"cod_dptop":"13","nombre_mnpo":"Chachopo"}, {"cod_dptop":"13","nombre_mnpo":"Timotes"}, {"cod_dptop":"13","nombre_mnpo":"Torondoy"}, {"cod_dptop":"13","nombre_mnpo":"Tovar"}, {"cod_dptop":"13","nombre_mnpo":"Tucani"}, {"cod_dptop":"13","nombre_mnpo":"Zea"}, {"cod_dptop":"13","nombre_mnpo":"Palmarito"}, {"cod_dptop":"13","nombre_mnpo":"Pueblo Llano"}, {"cod_dptop":"13","nombre_mnpo":"Santa Cruz de Mora"}, {"cod_dptop":"13","nombre_mnpo":"Santa Elena de Arenales"}, {"cod_dptop":"13","nombre_mnpo":"Santo Domingo"}, {"cod_dptop":"13","nombre_mnpo":"Tabay"}, {"cod_dptop":"13","nombre_mnpo":"13"}, {"cod_dptop":"13","nombre_mnpo":"Mesa de 6"}, {"cod_dptop":"13","nombre_mnpo":"Mucuchies"}, {"cod_dptop":"13","nombre_mnpo":"Mucujepe"}, {"cod_dptop":"13","nombre_mnpo":"Mucuruba"}, {"cod_dptop":"13","nombre_mnpo":"Nueva Bolivia"}, {"cod_dptop":"13","nombre_mnpo":"Chiguara"}, {"cod_dptop":"13","nombre_mnpo":"Ejido"}, {"cod_dptop":"13","nombre_mnpo":"El Vigia"}, {"cod_dptop":"13","nombre_mnpo":"La Azulita"}, {"cod_dptop":"13","nombre_mnpo":"La Playa"}, {"cod_dptop":"13","nombre_mnpo":"Lagunillas 13"}, {"cod_dptop":"14","nombre_mnpo":"Araguita"}, {"cod_dptop":"14","nombre_mnpo":"Carrizal"}, {"cod_dptop":"14","nombre_mnpo":"Caucagua"}, {"cod_dptop":"14","nombre_mnpo":"Chaguaramas 14"}, {"cod_dptop":"14","nombre_mnpo":"Charallave"}, {"cod_dptop":"14","nombre_mnpo":"Chirimena"}, {"cod_dptop":"14","nombre_mnpo":"Santa Teresa"}, {"cod_dptop":"14","nombre_mnpo":"Tacarigua de La Laguna"}, {"cod_dptop":"14","nombre_mnpo":"Tacarigua de Mamporal"}, {"cod_dptop":"14","nombre_mnpo":"Tacata"}, {"cod_dptop":"14","nombre_mnpo":"Turumo"}, {"cod_dptop":"14","nombre_mnpo":"San Fernando del Guapo"}, {"cod_dptop":"14","nombre_mnpo":"San Francisco de Yare"}, {"cod_dptop":"14","nombre_mnpo":"San Jose de Los Altos"}, {"cod_dptop":"14","nombre_mnpo":"San Jose de Rio Chico"}, {"cod_dptop":"14","nombre_mnpo":"San Pedro de Los Altos"}, {"cod_dptop":"14","nombre_mnpo":"Santa Lucia"}, {"cod_dptop":"14","nombre_mnpo":"Ocumare del Tuy"}, {"cod_dptop":"14","nombre_mnpo":"Panaquire"}, {"cod_dptop":"14","nombre_mnpo":"Paracotos"}, {"cod_dptop":"14","nombre_mnpo":"Rio Chico"}, {"cod_dptop":"14","nombre_mnpo":"San Antonio de Los Altos"}, {"cod_dptop":"14","nombre_mnpo":"San Diego de Los Altos"}, {"cod_dptop":"14","nombre_mnpo":"Filas de Mariche"}, {"cod_dptop":"14","nombre_mnpo":"Guarenas"}, {"cod_dptop":"14","nombre_mnpo":"Guatire"}, {"cod_dptop":"14","nombre_mnpo":"Higuerote"}, {"cod_dptop":"14","nombre_mnpo":"Los Anaucos"}, {"cod_dptop":"14","nombre_mnpo":"Los Teques"}, {"cod_dptop":"14","nombre_mnpo":"Chuspa"}, {"cod_dptop":"14","nombre_mnpo":"Cúa"}, {"cod_dptop":"14","nombre_mnpo":"Cupira"}, {"cod_dptop":"14","nombre_mnpo":"Curiepe"}, {"cod_dptop":"14","nombre_mnpo":"El Guapo"}, {"cod_dptop":"14","nombre_mnpo":"El Jarillo"}, {"cod_dptop":"15","nombre_mnpo":"Aguasay"}, {"cod_dptop":"15","nombre_mnpo":"4 de Maturin"}, {"cod_dptop":"15","nombre_mnpo":"Barrancas del Orinoco"}, {"cod_dptop":"15","nombre_mnpo":"Caicara de Maturin"}, {"cod_dptop":"15","nombre_mnpo":"Caripe"}, {"cod_dptop":"15","nombre_mnpo":"San Vicente 15"}, {"cod_dptop":"15","nombre_mnpo":"Santa Barbara"}, {"cod_dptop":"15","nombre_mnpo":"Temblador"}, {"cod_dptop":"15","nombre_mnpo":"Teresen"}, {"cod_dptop":"15","nombre_mnpo":"Uracoa"}, {"cod_dptop":"15","nombre_mnpo":"La Toscana"}, {"cod_dptop":"15","nombre_mnpo":"Maturin"}, {"cod_dptop":"15","nombre_mnpo":"Miraflores"}, {"cod_dptop":"15","nombre_mnpo":"Punta de Mata"}, {"cod_dptop":"15","nombre_mnpo":"Quiriquire"}, {"cod_dptop":"15","nombre_mnpo":"San Antonio de Maturin"}, {"cod_dptop":"15","nombre_mnpo":"Caripito"}, {"cod_dptop":"15","nombre_mnpo":"Chaguaramal"}, {"cod_dptop":"15","nombre_mnpo":"Chaguaramas 15"}, {"cod_dptop":"15","nombre_mnpo":"El Furrial"}, {"cod_dptop":"15","nombre_mnpo":"El Tejero"}, {"cod_dptop":"15","nombre_mnpo":"Jusepin"}, {"cod_dptop":"16","nombre_mnpo":"Altagracia"}, {"cod_dptop":"16","nombre_mnpo":"Boca de Pozo"}, {"cod_dptop":"16","nombre_mnpo":"Boca de Rio"}, {"cod_dptop":"16","nombre_mnpo":"El Espinal"}, {"cod_dptop":"16","nombre_mnpo":"El Valle del Espiritu Santo"}, {"cod_dptop":"16","nombre_mnpo":"El Yaque"}, {"cod_dptop":"16","nombre_mnpo":"Punta de Piedras"}, {"cod_dptop":"16","nombre_mnpo":"San Francisco de Macanao"}, {"cod_dptop":"16","nombre_mnpo":"San Juan Bautista"}, {"cod_dptop":"16","nombre_mnpo":"San Pedro de Coche"}, {"cod_dptop":"16","nombre_mnpo":"Santa Ana de 16"}, {"cod_dptop":"16","nombre_mnpo":"Villa Rosa"}, {"cod_dptop":"16","nombre_mnpo":"Juangriego"}, {"cod_dptop":"16","nombre_mnpo":"La Asuncion"}, {"cod_dptop":"16","nombre_mnpo":"La Guardia"}, {"cod_dptop":"16","nombre_mnpo":"Pampatar"}, {"cod_dptop":"16","nombre_mnpo":"Porlamar"}, {"cod_dptop":"16","nombre_mnpo":"Puerto Fermin"}, {"cod_dptop":"17","nombre_mnpo":"Acarigua"}, {"cod_dptop":"17","nombre_mnpo":"Agua Blanca"}, {"cod_dptop":"17","nombre_mnpo":"Araure"}, {"cod_dptop":"17","nombre_mnpo":"Biscucuy"}, {"cod_dptop":"17","nombre_mnpo":"Boconoito"}, {"cod_dptop":"17","nombre_mnpo":"Campo Elias"}, {"cod_dptop":"17","nombre_mnpo":"Santa Rosalia"}, {"cod_dptop":"17","nombre_mnpo":"Turen"}, {"cod_dptop":"17","nombre_mnpo":"Ospino"}, {"cod_dptop":"17","nombre_mnpo":"Papelon"}, {"cod_dptop":"17","nombre_mnpo":"Payara"}, {"cod_dptop":"17","nombre_mnpo":"Pimpinela"}, {"cod_dptop":"17","nombre_mnpo":"Piritu de 17"}, {"cod_dptop":"17","nombre_mnpo":"San Rafael de Onoto"}, {"cod_dptop":"17","nombre_mnpo":"Chabasquen"}, {"cod_dptop":"17","nombre_mnpo":"Guanare"}, {"cod_dptop":"17","nombre_mnpo":"Guanarito"}, {"cod_dptop":"17","nombre_mnpo":"La Aparicion"}, {"cod_dptop":"17","nombre_mnpo":"La Mision"}, {"cod_dptop":"17","nombre_mnpo":"Mesa de Cavacas"}, {"cod_dptop":"18","nombre_mnpo":"Altos de 18"}, {"cod_dptop":"18","nombre_mnpo":"Araya"}, {"cod_dptop":"18","nombre_mnpo":"Cariaco"}, {"cod_dptop":"18","nombre_mnpo":"Carúpano"}, {"cod_dptop":"18","nombre_mnpo":"Casanay"}, {"cod_dptop":"18","nombre_mnpo":"Cumana"}, {"cod_dptop":"18","nombre_mnpo":"San Vicente de 18"}, {"cod_dptop":"18","nombre_mnpo":"Santa Fe de 18"}, {"cod_dptop":"18","nombre_mnpo":"Tunapuy"}, {"cod_dptop":"18","nombre_mnpo":"Yaguaraparo"}, {"cod_dptop":"18","nombre_mnpo":"Yoco"}, {"cod_dptop":"18","nombre_mnpo":"Irapa"}, {"cod_dptop":"18","nombre_mnpo":"Manicuare"}, {"cod_dptop":"18","nombre_mnpo":"Mariguitar"}, {"cod_dptop":"18","nombre_mnpo":"Rio Caribe"}, {"cod_dptop":"18","nombre_mnpo":"San Antonio del Golfo"}, {"cod_dptop":"18","nombre_mnpo":"San Jose de Aerocuar"}, {"cod_dptop":"18","nombre_mnpo":"Cumanacoa"}, {"cod_dptop":"18","nombre_mnpo":"El Morro Puerto Santo"}, {"cod_dptop":"18","nombre_mnpo":"El Pilar"}, {"cod_dptop":"18","nombre_mnpo":"El Poblado"}, {"cod_dptop":"18","nombre_mnpo":"Guaca"}, {"cod_dptop":"18","nombre_mnpo":"Guiria"}, {"cod_dptop":"19","nombre_mnpo":"Abejales"}, {"cod_dptop":"19","nombre_mnpo":"Borota"}, {"cod_dptop":"19","nombre_mnpo":"Bramon"}, {"cod_dptop":"19","nombre_mnpo":"Capacho"}, {"cod_dptop":"19","nombre_mnpo":"Colon"}, {"cod_dptop":"19","nombre_mnpo":"Coloncito"}, {"cod_dptop":"19","nombre_mnpo":"Umuquena"}, {"cod_dptop":"19","nombre_mnpo":"Ure\u00f1a"}, {"cod_dptop":"19","nombre_mnpo":"San Jose de 6"}, {"cod_dptop":"19","nombre_mnpo":"San Josecito"}, {"cod_dptop":"19","nombre_mnpo":"San Pedro del Rio"}, {"cod_dptop":"19","nombre_mnpo":"Santa Ana 19"}, {"cod_dptop":"19","nombre_mnpo":"Seboruco"}, {"cod_dptop":"19","nombre_mnpo":"Tariba"}, {"cod_dptop":"19","nombre_mnpo":"Palmira"}, {"cod_dptop":"19","nombre_mnpo":"Pregonero"}, {"cod_dptop":"19","nombre_mnpo":"Queniquea"}, {"cod_dptop":"19","nombre_mnpo":"Rubio"}, {"cod_dptop":"19","nombre_mnpo":"San Antonio del Tachira"}, {"cod_dptop":"19","nombre_mnpo":"San Cristobal"}, {"cod_dptop":"19","nombre_mnpo":"La Pedrera"}, {"cod_dptop":"19","nombre_mnpo":"La Tendida"}, {"cod_dptop":"19","nombre_mnpo":"Las Delicias"}, {"cod_dptop":"19","nombre_mnpo":"Las Hernandez"}, {"cod_dptop":"19","nombre_mnpo":"Lobatera"}, {"cod_dptop":"19","nombre_mnpo":"Michelena"}, {"cod_dptop":"19","nombre_mnpo":"Cordero"}, {"cod_dptop":"19","nombre_mnpo":"El Cobre"}, {"cod_dptop":"19","nombre_mnpo":"El Pinal"}, {"cod_dptop":"19","nombre_mnpo":"Independencia"}, {"cod_dptop":"19","nombre_mnpo":"La Fria"}, {"cod_dptop":"19","nombre_mnpo":"La Grita"}, {"cod_dptop":"20","nombre_mnpo":"Batatal"}, {"cod_dptop":"20","nombre_mnpo":"Betijoque"}, {"cod_dptop":"20","nombre_mnpo":"Bocono"}, {"cod_dptop":"20","nombre_mnpo":"Carache"}, {"cod_dptop":"20","nombre_mnpo":"Chejende"}, {"cod_dptop":"20","nombre_mnpo":"Cuicas"}, {"cod_dptop":"20","nombre_mnpo":"Santa Ana de 20"}, {"cod_dptop":"20","nombre_mnpo":"Tostos"}, {"cod_dptop":"20","nombre_mnpo":"trujillo"}, {"cod_dptop":"20","nombre_mnpo":"Valera"}, {"cod_dptop":"20","nombre_mnpo":"Monay"}, {"cod_dptop":"20","nombre_mnpo":"Motatan"}, {"cod_dptop":"20","nombre_mnpo":"Pampan"}, {"cod_dptop":"20","nombre_mnpo":"Pampanito"}, {"cod_dptop":"20","nombre_mnpo":"Sabana de Mendoza"}, {"cod_dptop":"20","nombre_mnpo":"San Lazaro"}, {"cod_dptop":"20","nombre_mnpo":"La Concepcion de Trujllo"}, {"cod_dptop":"20","nombre_mnpo":"La Mesa de Esnujaque"}, {"cod_dptop":"20","nombre_mnpo":"La Puerta"}, {"cod_dptop":"20","nombre_mnpo":"La Quebrada"}, {"cod_dptop":"20","nombre_mnpo":"Mendoza Fria"}, {"cod_dptop":"20","nombre_mnpo":"Meseta de Chimpire"}, {"cod_dptop":"20","nombre_mnpo":"El Dividive"}, {"cod_dptop":"20","nombre_mnpo":"El Jaguito"}, {"cod_dptop":"20","nombre_mnpo":"Escuque"}, {"cod_dptop":"20","nombre_mnpo":"Isnotú"}, {"cod_dptop":"20","nombre_mnpo":"Jajo"}, {"cod_dptop":"20","nombre_mnpo":"La Ceiba"}, {"cod_dptop":"21","nombre_mnpo":"Carayaca"}, {"cod_dptop":"21","nombre_mnpo":"Litoral"}, {"cod_dptop":"21","nombre_mnpo":"La Guaira"}, {"cod_dptop":"21","nombre_mnpo":"Catia La Mar"}, {"cod_dptop":"21","nombre_mnpo":"Macuto"}, {"cod_dptop":"21","nombre_mnpo":"Naiguata"}, {"cod_dptop":"22","nombre_mnpo":"Aroa"}, {"cod_dptop":"22","nombre_mnpo":"Boraure"}, {"cod_dptop":"22","nombre_mnpo":"Campo Elias de 22"}, {"cod_dptop":"22","nombre_mnpo":"Chivacoa"}, {"cod_dptop":"22","nombre_mnpo":"Cocorote"}, {"cod_dptop":"22","nombre_mnpo":"Farriar"}, {"cod_dptop":"22","nombre_mnpo":"San Pablo de 22"}, {"cod_dptop":"22","nombre_mnpo":"Urachiche"}, {"cod_dptop":"22","nombre_mnpo":"Yaritagua"}, {"cod_dptop":"22","nombre_mnpo":"Yumare"}, {"cod_dptop":"22","nombre_mnpo":"Guama"}, {"cod_dptop":"22","nombre_mnpo":"Marin"}, {"cod_dptop":"22","nombre_mnpo":"Nirgua"}, {"cod_dptop":"22","nombre_mnpo":"Sabana de Parra"}, {"cod_dptop":"22","nombre_mnpo":"Salom"}, {"cod_dptop":"22","nombre_mnpo":"San Felipe"}, {"cod_dptop":"23","nombre_mnpo":"Bachaquero"}, {"cod_dptop":"23","nombre_mnpo":"Bobures"}, {"cod_dptop":"23","nombre_mnpo":"Cabimas"}, {"cod_dptop":"23","nombre_mnpo":"Campo Concepcion"}, {"cod_dptop":"23","nombre_mnpo":"Campo Mara"}, {"cod_dptop":"23","nombre_mnpo":"Campo Rojo"}, {"cod_dptop":"23","nombre_mnpo":"Santa Rita"}, {"cod_dptop":"23","nombre_mnpo":"Sinamaica"}, {"cod_dptop":"23","nombre_mnpo":"Tamare"}, {"cod_dptop":"23","nombre_mnpo":"Tia Juana"}, {"cod_dptop":"23","nombre_mnpo":"Villa del Rosario"}, {"cod_dptop":"23","nombre_mnpo":"San Jose de Perija"}, {"cod_dptop":"23","nombre_mnpo":"San Rafael del Mojan"}, {"cod_dptop":"23","nombre_mnpo":"San Timoteo"}, {"cod_dptop":"23","nombre_mnpo":"Santa Barbara Del 23"}, {"cod_dptop":"23","nombre_mnpo":"Santa Cruz de Mara"}, {"cod_dptop":"23","nombre_mnpo":"Santa Cruz del 23"}, {"cod_dptop":"23","nombre_mnpo":"Potrerito"}, {"cod_dptop":"23","nombre_mnpo":"Pueblo Nuevo del 23"}, {"cod_dptop":"23","nombre_mnpo":"Puertos de Altagracia"}, {"cod_dptop":"23","nombre_mnpo":"Punta Gorda"}, {"cod_dptop":"23","nombre_mnpo":"Sabaneta de Palma"}, {"cod_dptop":"23","nombre_mnpo":"San Francisco"}, {"cod_dptop":"23","nombre_mnpo":"Los Cortijos"}, {"cod_dptop":"23","nombre_mnpo":"Machiques"}, {"cod_dptop":"23","nombre_mnpo":"Maracaibo"}, {"cod_dptop":"23","nombre_mnpo":"Mene Grande"}, {"cod_dptop":"23","nombre_mnpo":"Palmarejo"}, {"cod_dptop":"23","nombre_mnpo":"P4ipoa"}, {"cod_dptop":"23","nombre_mnpo":"Isla de Toas"}, {"cod_dptop":"23","nombre_mnpo":"La Concepcion del 23"}, {"cod_dptop":"23","nombre_mnpo":"La Paz"}, {"cod_dptop":"23","nombre_mnpo":"La Sierrita"}, {"cod_dptop":"23","nombre_mnpo":"Lagunillas del 23"}, {"cod_dptop":"23","nombre_mnpo":"Las Piedras de Perija"}, {"cod_dptop":"23","nombre_mnpo":"El Chivo"}, {"cod_dptop":"23","nombre_mnpo":"El Guayabo"}, {"cod_dptop":"23","nombre_mnpo":"El Mene"}, {"cod_dptop":"23","nombre_mnpo":"El Venado"}, {"cod_dptop":"23","nombre_mnpo":"Encontrados"}, {"cod_dptop":"23","nombre_mnpo":"Gibraltar"}, {"cod_dptop":"23","nombre_mnpo":"Carrasquero"}, {"cod_dptop":"23","nombre_mnpo":"Casigua"}, {"cod_dptop":"23","nombre_mnpo":"Chiquinquira"}, {"cod_dptop":"23","nombre_mnpo":"Ciudad Ojeda"}, {"cod_dptop":"23","nombre_mnpo":"El Batey"}, {"cod_dptop":"23","nombre_mnpo":"El Carmelo"}, {"cod_dptop":"24","nombre_mnpo":"Caracas"}, {"cod_dptop":"24","nombre_mnpo":"El Junquito"}]