[{"id_consulta":"9","idJSON_consulta":1,"id_gestacion":0,"id_gestacionJSON":0,"numid_pac":"32","tipoid_pac":"CE","id_registra":"1234","tipoid_registra":"CC","insitucion":"OIM","fechaConsulta":"1-02-2022","horaConsulta":"11:28:43","tipoConsulta":"890207","finalidadConsulta":"03","causaExternaConsulta":"04","motivoConsulta":"WW","enfermedadActualConsulta":"EWE","embraActuaPlanea":"on","embraActuaDesead":"on","deseaInterrumEmbara":"on","GestanteAntDiabetes":"","GestanteAntHipertensionArterial":"","GestanteAntCirugiaPelvica":"","GestanteAntOtrasCirugias":"","GestanteAntPreeclamsia":"","GestanteAntEclamsia":"","GestanteAntFactorRH":"","GestanteAntTransfusiones":"","GestanteAntAltTiroideas":"","GestanteAntNutiPrevDefic":"","GestanteAntEnfRenalCronica":"","GestanteAntTtoInfertilidad":"","GestanteAntDifLactancia":"","GestanteAntAlergias":"","GestanteAntAlergiassCuales":"","GestanteAntTraumaticos":"","GestanteAntOtrasTBC":"","GestanteAntPsicofarm":"","GestanteAntOtrasCigarrilloAlcohol":"","GestanteAnIrradiacion":"","GestanteVIHSIDA":"","GestanteAntExpoToxicos":"","GestanteAntExpoToxicosCuales":"","GestanteAntMedicamentos":"","GestanteAntMedicamentosCuales":"","GestanteAntUsaCepillo":"","GestanteAntUsaCrema":"","GestanteAntUsaSeda":"","GestanteAntVecesCepilla":"","GestanteAntSangranEncias":"","GestanteAntDolorRuidosATM":"","GestanteAntMovilidadDientes":"","GestanteAntLimitacionAbrirBoca":"","GestanteAntFechaUConsO":"","GestanteAntEdadMenarquia":"","GestanteSexarquia":"","GestanteAntFechaFum":"","GestanteAntConfiableFUM":"","GestanteAntCiclosIrregulares":"on","GestanteAntPatronCicloI":"","GestanteAntPatronCicloII":"","GestanteAntFEchaUltParto":"","GestanteAntFechaFPP":"","GestanteAntparejasSexuales":"","GestanteAntVihRprueba":"","GestanteAntTtoInfertilidadG":"on","GestanteAntTtoInfertilidadGTipo":"","GestanteAntMetodoPlanifica":"","GestanteAntFechaSusMetodoPlan":"","GestanteAntEmbarazos":"","GestanteAntAbortoHabitu":"on","GestanteAntGineG":"","GestanteAntGineP":"","GestanteAntGineC":"","GestanteAntGineA":"","GestanteAntGineE":"","GestanteAntGineV":"","GestanteAntGineM":"","GestanteAntObservaObst":"","GestanteAntLeucorreas":"","GestanteAntLeucorreasDescr":"","GestanteAntETS":"","GestanteAntFechaCITOLOGIAUtl":"","GestanteAntCOLPOSCOPIA":"","GestanteAntPerioINTERGENESICO":"","GestanteAntPerioINTERGENESICOUME":"","GestanteAntRCIU":"","GestanteAntAmenaPartoPrematuro":"","GestanteAntPartoPREMATURO":"","GestanteAntEmbaraMultiple":"","GestanteAntEmbaraMultipleDesc":"","GestanteAntMALFORMACIONES":"","GestanteAntMOLAS":"","GestanteAntPLACPREVIA":"","GestanteAntABRUPTIO":"","GestanteAntRetePlacenta":"","GestanteAntRupturaPreMembra":"","GestanteAntOLIGOHIDRAMNIOS":"","GestanteAntOLIGOAMNIOS":"","GestanteHemorraObst":"","GestanteTransfucciones":"","GestanteAntEmbProlongado":"","GestanteAntGineOtros":"","GestanteAntGineOtrosCuales":"","GestanteAntAmenazaAborto":"","GestanteAntInfeccPostParto":"","GestanteAntMacromsiaFetal":"","GestanteAntMuertePerinatal":"","GestanteAntMuertePerinatalCausa":"","GestanteAntPsicosisPostParto":"","GestanteAntDiabetesfamiliar":"","GestanteAntHtaFamiliar":"","GestanteAntPreeclamsiaFamiliares":"","GestanteAntEclamsiaFamiliares":"","GestanteAntGemelaresFamiliares":"","GestanteAntCardiopatiaFamiliares":"","GestanteAntEnfTROMBOFILIAS":"","GestanteAntTBCFamiliares":"","GestanteAntTranstornosMentales":"","GestanteAntEpilepsia":"","GestanteAntAutoinmune":"","GestanteAntNeoplasias":"","GestanteAntDiscapacidadFamiliares":"","GestanteAntOtrosFamiliares":"","GestanteAntOtrosFamiliaresCuales":"","GestanteAntBiopssicuno":"","GestanteAntBiopssicdos":"on","GestanteAntBiopssictres":"","BiopEdad":"","BioPari":"","abprhabinfer":"","retencPlacent":"","pesobebemayor":"","pesobebemenor":"","htaIndEmbara":"","EmbaGemelarCesara":"","mortinatoMuerto":"","TPProlongada":"","OXgineolgica":"","EnferReanlCronic":"","diabetGesta":"","diabetesMellitus":"","EnfermCardiaca":"","EnfermedadInfeccios":"","enfeAutoInmunes":"","anemiaHB10gl":"","hemorragia20ms":"","vaginal2oss":"","Epronlogadoante":"","htaantecdepr":"","anteRpm":"","polidraminiosAntEmbaActual":"","RCIUAntecente":"","embMultipleatne":"","MalaPresenta":"","isoirh":"","GestanteAntBiopssiccuator":"","GestanteAntBiopssiccinco":"","GestanteAntBiopssicseis":"","ControPrenaacieLis":"1-,-2022-02-01-,-23-,-13-,-32-,-23-,-32-,-23-,-32-,-SI-,-ANORMAL-,-ANORMAL-,-ANORMAL-,-NORMAL-,-ANORMAL-,-NORMAL-,-ANORMAL-,-NORMAL-,-ANORMAL-,-NORMAL-,-NORMAL-,-223-,-3-,-OBLICUO-,-PODALICO-,-23-,-AUSENTE-,-N-,-DEFICIENTE-,-SI-,-SI-,-NO-,-NO-,-SI-,-SI-,-SI-,-SI-,-SI-,-NO-,-NO-,-SI-,-5   -   ","GestanteVacu1ra":"","GestanteVacu2ra":"","GestanteVacu1":"","GestanteVacu2":"","GestanteVacu3":"","GestanteAnaRieMa1":"","GestanteAnaRieNi1":"","GestanteAnaRieMa2":"","GestanteAnaRieNi2":"","GestanteAnaRieMa3":"","GestanteAnaRieNi3":"","gestanteEntrPreTem1":"","gestanteEntrPreTem2":"","gestanteEntrPreTem3":"","gestanteEntrPreTem4":"","gestanteEntrPreTem5":"","gestanteEntrPreFec1":"","gestanteEntrPreFec2":"","gestanteEntrPreFec3":"","gestanteEntrPreFec4":"","gestanteEntrPreFec5":"","GestanteFactProct":"","GestanteEstimFetal":"","GestanteLactMater":"","GestanteVincuAfec":"","GestantePreveAutom":"","GestanteConTaba":"","GestanteSignAlar":"","gestanteOtroEduInd":"","GestnteGrupoSa":"","GestanteclasRh":"","examHemogesta":"","echoasgesta":"","GestanteCitolVag":"","GestanteFechaultCito":"","GestanteNormSatis":"on","GestanteCamBeni":"on","GestanteAnorPlant":"on","GestanteColscopPl":"","listadoCIEPa":"A000-,-COLERA DEBIDO A VIBRIO CHOLERAE O1, BIOTIPO CHOLERAE   -   ","tipoDiagnosPrinc":"2","medAsigCons":"","notasEvolucion":"","recomNotas":"","ordenMedCons":"","ordenMedConsRef":"","ordenMedConsRefPro":"","tipoSerRef":"","obseSerRef":"","IpsServicioReferir":"","IpsProcedeimientoReferir":"","causaCesareasAnt":"","ObserVExFisico":"","estado":1}]