[{"id_consulta":"1","idJSON_consulta":1,"id_paciente":"6","idJSON_paciente":6,"numid_pac":"VEN1951","tipoid_pac":"MS","tipoIDUserReg":"CC","numeroIDUserReg":"1092358867","institucion":"OIM","id_registra":"1092358867","tipoid_registra":"CC","fechaConsulta":"12-01-2022","horaConsulta":"14:30:14","profAtiende":"MARGARETH YULIETH MELGAREJO ZABALA","tipoConsulta":"890205","finalidadConsulta":"10","causaExternaConsulta":"15","motivoConsulta":"PACIENTE CON SINTOMATOLOGIA COVID19","enfermedadActualConsulta":"PACIENTE CON MALESTAR GENERAL, TOS","antecedentesConsulta":"NINGUNO","tempEA":"36","pulsoEA":"76","pesoEA":"14.5","tallaEA":"0.96","imcEA":"15.73","frecuenciarEA":"24","tensionaEA":"116/76","obserConsuAdulto":"NINGUNA","notasEvolucion":"11/01/2022- 6:10PM INGRESA PACIENTE AL HOTEL VILLA ANTIGUA ZONA DE AISLAMIENTO EN CARRO DE LA CRUZ EN COMPAÑIA DE MANUEL PSICOLOGO; DE SEXO MASCULINO, CONCIENTE, TRANQUILO, EN COMPAÑIA DE SU MADRE GLEYDIS COLON Y HERMANOS ENVIADA DEL CATM CRUZ ROJA LA PARADA POR CONTACTO ESTRECHO, SE TOMAN SIGNOS VITALES, NO TRAEN MEDICAMENTOS SE INSTALAN EN LA HABITACION NUMERO 32 SE INDAGA ALA MADRE POR ESQUEMA DE VACUNACION LO CUAL REFIERE QUE NO SE HA VACUNADO. SE BRINDA EDUCACION LAVADO DE MANOS, REGLAMENTO GENERAL DEL CATM ZONA DE AISLAMIENTO, COVID 19 A LA MADRE QUIEN FIRMA CONSENTIMIENTO DE USO DE TAPABOCAS Y LAVADO DE MANOS Y FORMATO DE TOMA DE IMAGENES. \n6:40 PM PACIENTE RECIBE CENA Y TOLERA\n7:00PM ENTREGO PACIENTE DE SEXO MACULINO DE 4 AÑOS DE EDAD, CONCIENTE, TRANQUILAO, ORIENTADO EN COMPAÑIA DE SU MADRE Y HERMANOS, NO REFIERE SINTOMOLOGIA. QUEDA EN HABITACION 32. \n","recomNotas":"SE BRINDA EDUCACION ALA MADRE LAVADO DE MANOS, REGLAMENTO GENERAL DEL CATM ZONA DE AISLAMIENTO, COVID 19, MANTERNER DISTANCIAMIENTO.","listadoCIEPa":"B342-,-INFECCION DEBIDA A CORONAVIRUS, SIN OTRA ESPECIFICACION   -   ","tipoDiagnosPrinc":"2","medAsigCons":"","ordenMedCons":"","ordenMedConsRef":"","ordenMedConsRefPro":"","tipoSerRef":"","obseSerRef":"","IpsServicioReferir":"","IpsProcedeimientoReferir":"","estado":1},{"id_consulta":"2","idJSON_consulta":2,"id_paciente":"27","idJSON_paciente":27,"numid_pac":"VEN26191365","tipoid_pac":"AS","tipoIDUserReg":"CC","numeroIDUserReg":"1092360610","institucion":"OIM","id_registra":"1092360610","tipoid_registra":"CC","fechaConsulta":"20-01-2022","horaConsulta":"14:31:27","profAtiende":"DAYANAYDELINE HERNANDEZ PEÑARANDA","tipoConsulta":"890305","finalidadConsulta":"10","causaExternaConsulta":"15","motivoConsulta":"CONTACTO ESTRECHO CON PACIENTE COVID 19","enfermedadActualConsulta":"NO REFIERE SINTOMAS","antecedentesConsulta":"NIEGA","tempEA":"37","pulsoEA":"70","pesoEA":"70","tallaEA":"1.72","imcEA":"23.66","frecuenciarEA":"20","tensionaEA":"120/71","obserConsuAdulto":"NINGUNO","notasEvolucion":"20/01/2022 7:00 AM   RECIBO PACIENTE EN EL HOTEL VILLA ANTIGUA- ZONA DE AISLAMIENTO, CONSIENTE, ORIENTANDO, TRANQUILO EN SU HABITACIÓN.\n8:00 AM PACIENTE CONSUME DESAYUNO Y TOLERA\n9:00 AM SE TOMAN SIGNOS VITALES, NO REFIERE SÍNTOMAS.\n10:30 AM SE LE REALIZA LIMPIEZA Y DESINFECCIÓN POR EL PERSONAL A CARGO.\n10:00 AM PACIENTE CONSUME MEDIA MAÑANA Y TOLERA.  \n12:00 PM PACIENTE CONSUME ALMUERZO Y TOLERA.\n3:00 PM PACIENTE CONSUME MEDIA TARDE Y TOLERA.\n6:00 PM PACIENTE CONSUME CENA Y TOLERA.\n20/01/2022 7:00 PM QUEDA PACIENTE, CONSIENTE, ORIENTADO, TRANQUILO EN SU HABITACIÓN, NO REFIERE SINTOMAS, EN COMPAÑÍA DE SU FAMILIA SIN COMPLICACIONES.\n","recomNotas":"SE BRINDA EDUCACION A DEL LAVADO DE MANOS, REGLAMENTO GENERAL DEL CATM ZONA DE AISLAMIENTO, COVID 19, MANTENER DISTANCIAMIENTO.","listadoCIEPa":"B342-,-INFECCION DEBIDA A CORONAVIRUS, SIN OTRA ESPECIFICACION   -   ","tipoDiagnosPrinc":"3","medAsigCons":"","ordenMedCons":"","ordenMedConsRef":"","ordenMedConsRefPro":"","tipoSerRef":"","obseSerRef":"","IpsServicioReferir":"","IpsProcedeimientoReferir":"","estado":1},{"id_consulta":"3","idJSON_consulta":3,"id_paciente":"56","idJSON_paciente":56,"numid_pac":"VEN832","tipoid_pac":"MS","tipoIDUserReg":"CC","numeroIDUserReg":"1092360610","institucion":"OIM","id_registra":"1092360610","tipoid_registra":"CC","fechaConsulta":"21-01-2022","horaConsulta":"23:28:0","profAtiende":"DAYANAYDELINE HERNANDEZ PEÑARANDA","tipoConsulta":"890305","finalidadConsulta":"10","causaExternaConsulta":"15","motivoConsulta":"CONTACTO ESTRECHO COVID 19","enfermedadActualConsulta":"NO REFIERE SINTOMAS","antecedentesConsulta":"NIEGA","tempEA":"36","pulsoEA":"70","pesoEA":"29","tallaEA":"1.32","imcEA":"16.64","frecuenciarEA":"21","tensionaEA":"106/71","obserConsuAdulto":"NINGUNO","notasEvolucion":"21/01/2022 7:00 PM RECIBO PACIENTE EN EL HOTEL VILLA ANTIGUA- ZONA DE AISLAMIENTO, CONSCIENTE, ORIENTANDA, TRANQUILA EN SU HABITACIÓN, EN COMPAÑÍA DE SU FAMILIA.\n8:00 PM SE TOMAN SIGNOS VITALES, NO REFIERE SÍNTOMAS.\n10:30 PM SE PASA RONDA, PACIENTE TRANQUILA SIN NOVEDAD.\n1:00 AM SE PASA RONDA, PACIENTE DESCANSANDO.\n3:20 AM SE OBSERVA PACIENTE, DESCANSANDO SIN NOVEDAD.\n6:00 AM SE LEVANTA PACIENTE PARA QUE SE DUCHE REFIERE HABER PASADO LA NOCHE BIEN SIN NOVEDAD.\n22/01/2022 7:00 AM QUEDA PACIENTE, CONSIENTE, ORIENTADA, TRANQUILA EN SU HABITACIÓN EN COMPAÑÍA DE SU FAMILIA, NO REFIERE SÍNTOMAS, SIN COMPLICACIONES.\n","recomNotas":"SE BRINDA EDUCACION A DEL LAVADO DE MANOS, REGLAMENTO GENERAL DEL CATM ZONA DE AISLAMIENTO, COVID 19, MANTENER DISTANCIAMIENTO.","listadoCIEPa":"B342-,-INFECCION DEBIDA A CORONAVIRUS, SIN OTRA ESPECIFICACION   -   ","tipoDiagnosPrinc":"3","medAsigCons":"","ordenMedCons":"","ordenMedConsRef":"","ordenMedConsRefPro":"","tipoSerRef":"","obseSerRef":"","IpsServicioReferir":"","IpsProcedeimientoReferir":"","estado":1,"nombreProfesional":"DAYANAYDELINE HERNANDEZ PEÑARANDA","instuser":"OIM","diruser":"HOTEL VILLA ANTIGUA","profuser":"4","regprousr":"NA"},{"id_consulta":"4","idJSON_consulta":4,"id_paciente":"56","idJSON_paciente":56,"numid_pac":"VEN832","tipoid_pac":"MS","tipoIDUserReg":"CC","numeroIDUserReg":"1092358867","institucion":"OIM","id_registra":"1092358867","tipoid_registra":"CC","fechaConsulta":"23-01-2022","horaConsulta":"16:25:32","profAtiende":"MARGARETH YULIETH MELGAREJO ZABALA","tipoConsulta":"890305","finalidadConsulta":"10","causaExternaConsulta":"15","motivoConsulta":"PACIENTE POR CONTACTO ESTRECHO POR COVID 19","enfermedadActualConsulta":"PACIENTE POR CONTACTO ESTRECHO POR COVID 19","antecedentesConsulta":"NINGUNO","tempEA":"36","pulsoEA":"78","pesoEA":"29","tallaEA":"1.33","imcEA":"16.39","frecuenciarEA":"24","tensionaEA":"99/86","obserConsuAdulto":"NINGUNO","notasEvolucion":"23//01/2022 7:00 AM   RECIBO PACIENTE EN EL HOTEL VILLA ANTIGUA- ZONA DE AISLAMIENTO, MENOR DE EDAD CONSIENTE, EN SUS TRES ESFERAS SE ENCUENTRA EN SU HABITACIÓN, EN COMPAÑÍA DE SU FAMILIA.\n8:00 AM PACIENTE RECIBE DESAYUNO Y TOLERA.\n9:00 AM SE TOMAN SIGNOS VITALES, NO REFIERE SÍNTOMAS.\n9:30AM SE REALIZA CHARLA: VIOLENCIA INTRAFAMILIAR\n10:30 AM SE LE REALIZA LIMPIEZA Y DESINFECCIÓN POR EL PERSONAL A CARGO.\n10:00 AM PACIENTE CONSUME MEDIA MAÑANA Y TOLERA.  \n12:00 PM PACIENTE CONSUME ALMUERZO Y TOLERA.\n3:00 PM PACIENTE CONSUME MEDIA TARDE Y TOLERA.\n6:00 PM PACIENTE CONSUME CENA Y TOLERA.\n23/01/2022 7:00 PM QUEDA PACIENTE, CONSIENTE EN SUS TRES ESFERAS EN LA HABITACIÓN EN COMPAÑÍA DE SU FAMILIA, NO REFIERE SÍNTOMAS, SIN COMPLICACIONES\n","recomNotas":"SE BRINDA EDUCACION   DEL LAVADO DE MANOS, REGLAMENTO GENERAL DEL CATM ZONA DE AISLAMIENTO, COVID 19, MANTENER DISTANCIAMIENTO","listadoCIEPa":"B342-,-INFECCION DEBIDA A CORONAVIRUS, SIN OTRA ESPECIFICACION   -   ","tipoDiagnosPrinc":"3","medAsigCons":"","ordenMedCons":"","ordenMedConsRef":"","ordenMedConsRefPro":"","tipoSerRef":"","obseSerRef":"","IpsServicioReferir":"","IpsProcedeimientoReferir":"","estado":1}]