[{"Id":"EPS001","nombre":"Salud  Colmena  E.P.S.  S.A."}, {"Id":"EPS002","nombre":"Salud  Total  S.A.  E.P.S."}, {"Id":"EPS003","nombre":"Cafesalud  E.P.S.  S.A."}, {"Id":"EPS004","nombre":"BONSALUD En Liquidacion"}, {"Id":"EPS005","nombre":"E.P.S.  Sanitas  S.A."}, {"Id":"EPS006","nombre":"Instituto  de  Seguros Sociales  EPS"}, {"Id":"EPS007","nombre":"Unimec   E.P.S.  S.A."}, {"Id":"EPS008","nombre":"Compensar   E.P.S."}, {"Id":"EPS009","nombre":"EPS  Progr.  Comfenalco  Antioquia"}, {"Id":"EPS010","nombre":"SuSalud  EPS"}, {"Id":"EPS011","nombre":"Colseguros   E.P.S."}, {"Id":"EPS012","nombre":"Comfenalco  Valle  E.P.S."}, {"Id":"EPS013","nombre":"E.P.S.  Saludcoop"}, {"Id":"EPS014","nombre":"Humana  Vivir  S.A.  E.P.S."}, {"Id":"EPS015","nombre":"Salud  Colpatria  E.P.S."}, {"Id":"EPS016","nombre":"Coomeva   E.P.S.  S.A."}, {"Id":"EPS017","nombre":"E.P.S.  Famisanar  LTDA."}, {"Id":"EPS018","nombre":"EPS Servicio Occidental de Salud  S.A. - EPS-S.O.S. S.A."}, {"Id":"EPS019","nombre":"EPS  Risaralda  Ltda. En Liquidacion"}, {"Id":"EPS020","nombre":"Caprecom EPS"}, {"Id":"EPS021","nombre":"Corporanonimas en Liquidacion"}, {"Id":"EPS022","nombre":"EPS  CONVIDA"}, {"Id":"EPS023","nombre":"CRUZ  BLANCA  EPS S.A."}, {"Id":"EPS024","nombre":"CAJANAL   EPS"}, {"Id":"EPS025","nombre":"CAPRESOCA  EPS"}, {"Id":"EPS026","nombre":"SOLSALUD  E.P.S.  S.A."}, {"Id":"EPS027","nombre":"BARRANQUILLA  SANA  E.P.S. En Liquidacion"}, {"Id":"EPS028","nombre":"CALISALUD   E.P.S."}, {"Id":"EPS029","nombre":"E.P.S.  de  CALDAS  S.A."}, {"Id":"EPS030","nombre":"E.P.S.  CONDOR  S.A."}, {"Id":"EPS031","nombre":"SELVASALUD  S.A.  E.P.S."}, {"Id":"EPS032","nombre":"Metropolitana de Salud EPS en Liquidacion"}, {"Id":"EPS033","nombre":"SALUDVIDA EPS S.A."}, {"Id":"EMP024","nombre":"ASESOR\u00cdA NACIONAL EN SALUD MEDICINA PREPAGADA S.A. ASENALS S.A."}, {"Id":"EMP002","nombre":"CAFESALUD  MEDICINA PREPAGADA S. A."}, {"Id":"EMP023","nombre":"COMPA\u00d1\u00cdA DE MEDICINA PREPAGADA  COLSANITAS S. A."}, {"Id":"EMP025","nombre":"CAJA DE COMPENSACI\u00d3N  FAMILIAR COMFENALCO VALLE DEL CAUCA"}, {"Id":"EMP012","nombre":"HUMANA S.A. COMPA\u00d1\u00cdA DE MEDICINA PREPAGADA"}, {"Id":"EMP014","nombre":"MEDISALUD COMPA\u00d1\u00cdA COLOMBIANA DE MEDICINA PREPAGADA S.A."}, {"Id":"EMP015","nombre":"MEDIS\u00c1NITAS S.A  COMPA\u00d1\u00cdA DE MEDICINA PREPAGADA"}, {"Id":"EMP017","nombre":"SALUD COLMENA S.A. MEDICINA PREPAGADA."}, {"Id":"EMP019","nombre":"SALUD COLPATRIA S.A  MEDICINA PREPAGADA"}, {"Id":"EMP028","nombre":"SALUD COOMEVA  MEDICINA PREPAGADA S. A."}, {"Id":"EMP021","nombre":"COMPA\u00d1\u00cdA SURAMERICANA DE SERVICIOS DE SALUD S.A  SUSALUD MEDICINA PREPAGADA"}, {"Id":"EMP022","nombre":"VIVIR S.A  MEDICINA PREPAGADA"}, {"Id":"EAS001","nombre":"Fondo de Prevision Social del Congreso de la Rep\u00fablica"}, {"Id":"EAS002","nombre":"Caja de Prevision Social de la Universidad Industrial de Santander \u201cCAPRUIS\u201d."}, {"Id":"EAS003","nombre":"Caja de Prevision Social de Nari\u00f1o."}, {"Id":"EAS004","nombre":"Caja de Prevision Social Municipal  de Bucaramanga ."}, {"Id":"EAS005","nombre":"Division de Servicios M\u00e9dico Asistencial de la Corporacion El\u00e9ctrica de la Costa Atl\u00e1ntica \u201cCORELCA\u201d."}, {"Id":"EAS006","nombre":"Division de Salud de la Universidad  de Antioquia ."}, {"Id":"EAS007","nombre":"Caja de Prevision Social de la Universidad del Cauca."}, {"Id":"EAS008","nombre":"Caja de Prevision Social Municipal de Ibagu\u00e9."}, {"Id":"EAS009","nombre":"Caja de Prevision Departamental de Arauca."}, {"Id":"EAS010","nombre":"Servicio de Salud de la Corporacion Autonoma Regional del Valle del Cauca CVC de Cali."}, {"Id":"EAS011","nombre":"Servicio M\u00e9dico de las Empresas Varias de Medell\u00edn."}, {"Id":"EAS012","nombre":"Servicio M\u00e9dico Universidad de Caldas."}, {"Id":"EAS013","nombre":"Departamento M\u00e9dico y Odontol\u00f3gico del Municipio de Medell\u00edn"}, {"Id":"EAS014","nombre":"Division de Servicio M\u00e9dico del Municipio  de Santiago de Cali."}, {"Id":"EAS015","nombre":"Caja de Prevision Social Departamental del Cauca \"Caprecauca\"."}, {"Id":"EAS016","nombre":"Empresas P\u00fablicas de Medell\u00edn Departamento M\u00e9dico"}, {"Id":"EAS017","nombre":"Caja de Prevision Social de Boyac\u00e1."}, {"Id":"EAS018","nombre":"Caja Departamental de Prevision de Norte de Santander."}, {"Id":"EAS019","nombre":"Caja de Prevision Social de la  Superintendencia Bancaria ."}, {"Id":"EAS020","nombre":"Caja de Prevision Social de la Universidad Tecnol\u00f3gica de Choco ."}, {"Id":"EAS021","nombre":"Caja de Prevision Social de la  Universidad Nacional ."}, {"Id":"EAS022","nombre":"Instituto Colombiano de la Reforma Agraria Programa de Servicio M\u00e9dico Asistencial del INCORA."}, {"Id":"EAS023","nombre":"Industria Licorera de Caldas Servicio M\u00e9dico."}, {"Id":"EAS024","nombre":"Servicio M\u00e9dico de la Universidad del Valle."}, {"Id":"EAS025","nombre":"Fondo de Salud de la Universidad de C\u00f3rdoba ."}, {"Id":"EAS026","nombre":"Fondo de Pasivo Social de la Empresa Puertos de Colombia ."}, {"Id":"EAS027","nombre":"Fondo de Pasivo Social de  Ferrocarriles  Nacionales de Colombia."}, {"Id":"EAS028","nombre":"Fondo Prestacional de la  Universidad de Nari\u00f1o."}, {"Id":"EAS029","nombre":"Empresa de Acueducto y Alcantarillado  de Bogot\u00e1 E.A.A.B."}, {"Id":"EAS030","nombre":"Caja de Prevision Social de la Universidad de  Cartagena"}, {"Id":"ESS024","nombre":"COOPERATIVA DE SALUD Y DESARROLLO INTEGRAL DE LA ZONA SUR ORIENTAL DE CARTAGENA LTDA \u201cCOOSALUD LTDA\""}, {"Id":"ESS002","nombre":"EMPRESA MUTUAL PARA EL DESARROLLO INTEGRAL DE LA SALUD E.S.S."}, {"Id":"ESS062","nombre":"ASOCIACION MUTUAL LA ESPERANZA ASMET SALUD ESS"}, {"Id":"ESS133","nombre":"COOPERATIVA DE SALUD COMUNITARIA DE GARCIA ROVIRA \u201cCOOPSAGAR LTDA\u201d"}, {"Id":"ESS188","nombre":"ASOCIACION MUTUAL EMPRESA SOLIDARIA DE SALUD DE NARI\u00d1O E.S.S. \u201cEMSSANAR E.S.S.\u201d"}, {"Id":"ESS091","nombre":"EMPRESA COOPERATIVA SOLIDARIA DE SALUD \u201cECOOPSOS\u201d"}, {"Id":"EPS026","nombre":"SOCIEDAD SOLIDARIA DE SALUD \u201cSOLSALUD E.P.S S.A.\u201d"}, {"Id":"UT-004","nombre":"CAJA DE COMPENSACION FAMILIAR DE ANTIOQUIA \u201cCOMFAMA\u201d"}, {"Id":"CCF040","nombre":"CAJA DE COMPENSACION FAMILIAR CARTAGO \u201cCOMFACARTAGO\u201d"}, {"Id":"CCF037","nombre":"CAJA DE COMPENSACION FAMILIAR DE FENALCO DEL TOLIMA  COMFENALCO"}, {"Id":"CCF001","nombre":"CAJA DE COMPENSACION FAMILIAR CAMACOL, \u201cCOMFAMILIAR CAMACOL\u201d"}, {"Id":"UT-002","nombre":"UNION TEMPORAL COMFAMILIARES EN SALUD U.T. (COMFAMILIAR CARTAGENA Y COMFENALCO CARTAGENA)"}, {"Id":"ESS177","nombre":"ASOCIACION DE CABILDOS INDIGENAS DEL CESAR DUSAKAWI  EPSI"}, {"Id":"ESS184","nombre":"ASOCIACION DE CABILDOS DEL RESGUARDO INDIGENA SINU DE SAN ANDRES DE SOTAVENTO CORDOBA, SUCRE, MANEXKA"}, {"Id":"EPS003","nombre":"CAFESALUD EP.S."}, {"Id":"ESS190","nombre":"EMMANUEL EPS INDIGENA"}, {"Id":"EPS020","nombre":"CAJA DE PREVISION SOCIAL DE COMUNCIACIONES \u201cCAPRECOM E.P.S.\u201d"}, {"Id":"EPS002","nombre":"SALUD TOTAL S.A.  E.P.S."}, {"Id":"EPS031","nombre":"SELVASALUD S.A.  E.PS."}, {"Id":"0000","nombre":"PROMOTORA DE SALUD GUAITARA  EPSI"}, {"Id":"UT-003","nombre":"UNION TEMPORAL. ARS COMFENALCO  (QUINDIO, SANTANDER)"}, {"Id":"UT-004","nombre":"CONVENIO COMFAMA-COMFAMILIAR CAMACOL- UNION TEMPORAL)"}, {"Id":"ESS115","nombre":"ENTIDAD PROMOTORA DE SALUD MALLAMAS EPSI"}, {"Id":"CCF029","nombre":"CAJA DE COMPENSACION FAMILIAR DE RISARALDA, COMFAMILIAR RISARALDA"}, {"Id":"CCF035","nombre":"CAJA DE COMPENSACION FAMILIAR DE BARRANCABERMEJA \u201cCAFABA\u201d"}, {"Id":"CCF015","nombre":"CAJA DE COMPENSACION FAMILIAR DE CORDOBA \u201cCOMFACOR\u201d"}, {"Id":"CCF054","nombre":"CAJA DE COMPENSACION FAMILIAR DE FENALCO COMFENALCO  CUNDINAMARCA"}, {"Id":"EPS028","nombre":"CALISALUD EPS"}, {"Id":"ESS182","nombre":"ASOCIACION INDIGENA DEL CAUCA \u201cAIC\u201d"}, {"Id":"ESS061","nombre":"ASOCIACION MUTUAL LA SUIZA DE AMERICA EPS INDIGENA"}, {"Id":"EPS014","nombre":"HUMANA VIVIR S.A. EP.S."}, {"Id":"ESS164","nombre":"ENTIDAD PROMOTORA DE SALUD, PIJAOSALUD EPSI"}, {"Id":"EPS016","nombre":"COOMEVA EPS S.A."}, {"Id":"EPS030","nombre":"E.P.S. CONDOR S.A."}, {"Id":"UT-001","nombre":"CAJA SALUD ARS UNION TEMPORAL"}, {"Id":"ESS207","nombre":"MUTUAL SER E.S.S."}, {"Id":"CCF002","nombre":"COMFENALCO ANTIOQUIA E.P.S."}, {"Id":"CCF017","nombre":"ASFAMILIAS"}, {"Id":"CCF018","nombre":"CAFAM"}, {"Id":"ESS076","nombre":"ASOCIACION MUTUAL BARRIOS UNIDOS DE QUIBDO E.S.S."}, {"Id":"EPS033","nombre":"SALUD VIDA S.A. E.P.S."}, {"Id":"ESS208","nombre":"ANAS WAYUU EPS INDIGENA"}, {"Id":"ESS203","nombre":"TAYRONA EPS INDIGENA"}, {"Id":"36904","nombre":"ASEGURADORA COLSEGUROS S. A."}, {"Id":"37024","nombre":"ACE SEGUROS S.A. (ANTES: CIGNA SEGUROS DE COLOMBIA S.A.)"}, {"Id":"37055","nombre":"SEGUROS COLPATRIA S.A."}, {"Id":"37085","nombre":"COMPA\u00d1\u00cdA AGR\u00cdCOLA DE SEGUROS S.A."}, {"Id":"37116","nombre":"COMPA\u00d1\u00cdA ASEGURADORA DE FIANZAS S.A., CONFIANZA (VER NOVEDADES 2000)"}, {"Id":"37147","nombre":"COMPA\u00d1\u00cdA CENTRAL DE SEGUROS S.A. CENTRAL DE SEGUROS"}, {"Id":"37177","nombre":"ABN AMRO SEGUROS (COLOMBIA) S.A."}, {"Id":"37238","nombre":"COMPA\u00d1\u00cdA DE SEGUROS COLMENA S.A. SEGUROS COLMENA, COLMENA SEGUROS O COLMENA COMPA\u00d1\u00cdA DE SEGUROS O LA\nEXPRESI\u00d3N COLMENA"}, {"Id":"13-14","nombre":"GENERALI COLOMBIA-SEGUROS GENERALES S.A"}, {"Id":"13-15","nombre":"ROYAL & SUN ALLIANCE SEGUROS (COLOMBIA) S.A."}, {"Id":"13-17","nombre":"COMPA\u00d1\u00cdA MUNDIAL DE SEGUROS S.A."}, {"Id":"13-18","nombre":"COMPA\u00d1\u00cdA SURAMERICANA DE SEGUROS S.A."}, {"Id":"13-19","nombre":"C\u00d3NDOR S.A. COMPA\u00d1\u00cdA DE SEGUROS GENERALES"}, {"Id":"13-20","nombre":"ASEGURADORA EL LIBERTADOR, S.A."}, {"Id":"13-21","nombre":"CHUBB DE COLOMBIA COMPA\u00d1\u00cdA DE SEGUROS S.A."}, {"Id":"13-22","nombre":"LA INTERAMERICANA COMPA\u00d1\u00cdA DE SEGUROS GENERALES S.A."}, {"Id":"13-24","nombre":"LA PREVISORA S.A. COMPA\u00d1\u00cdA DE SEGUROS"}, {"Id":"13-25","nombre":"SEGUROS ALFA S.A."}, {"Id":"13-26","nombre":"MAPFRE SEGUROS GENERALES DE COLOMBIA S.A."}, {"Id":"13-27","nombre":"SEGUROS COMERCIALES BOL\u00cdVAR S.A."}, {"Id":"13-29","nombre":"SEGUROS DEL ESTADO S.A."}, {"Id":"13-30","nombre":"SEGUREXPO DE COLOMBIA S.A. ASEGURADORA DE CR\u00c9DITO Y DEL COMERCIO EXTERIOR"}, {"Id":"13-33","nombre":"LIBERTY SEGUROS S.A."}, {"Id":"13-41","nombre":"BBVA SEGUROS GANADERO COMPA\u00d1\u00cdA DE SEGUROS S.A."}, {"Id":"13-42","nombre":"COMPA\u00d1\u00cdA DE SEGUROS DE CR\u00c9DITOS COMERCIALES S.A. CREDISEGURO S.A."}, {"Id":"36905","nombre":"ASEGURADORA DE VIDA COLSEGUROS S.A."}, {"Id":"36995","nombre":"SEGUROS DE VIDA COLPATRIA S.A."}, {"Id":"37025","nombre":"COMPA\u00d1\u00cdA AGR\u00cdCOLA DE SEGUROS DE VIDA S.A."}, {"Id":"37086","nombre":"COMPA\u00d1\u00cdA DE SEGUROS BOL\u00cdVAR S.A."}, {"Id":"37117","nombre":"COMPA\u00d1\u00cdA DE SEGUROS DE VIDA AURORA S.A."}, {"Id":"37148","nombre":"SKANDIA COMPA\u00d1\u00cdA DE SEGUROS DE VIDA S.A."}, {"Id":"37178","nombre":"GENERALI COLOMBIA VIDA COMPA\u00d1\u00cdA DE SEGUROS S.A."}, {"Id":"37209","nombre":"COMPA\u00d1\u00cdA SURAMERICANA DE SEGUROS DE VIDA S.A."}, {"Id":"14-13","nombre":"AIG COLOMBIA SEGUROS DE VIDA S.A. SIGLA: AIG VIDA S.A."}, {"Id":"14-14","nombre":"CYBERSEGUROS DE COLOMBIA S.A. (ANTES LA NACIONAL COMPA\u00d1\u00cdA DE SEGUROS DE VIDA S.A.)"}, {"Id":"14-15","nombre":"MUNDIAL DE SEGUROS DE VIDA S.A."}, {"Id":"14-16","nombre":"PAN AMERICAN DE COLOMBIA COMPA\u00d1\u00cdA DE SEGUROS DE VIDA S.A."}, {"Id":"14-17","nombre":"SEGUROS DE VIDA ALFA S.A. VIDALFA"}, {"Id":"14-18","nombre":"LIBERTY SEGUROS DE VIDA S.A. (ANTES: LATINOAMERICANA DE SEGUROS DE VIDA)"}, {"Id":"14-19","nombre":"SEGUROS DE VIDA DEL ESTADO S.A."}, {"Id":"14-20","nombre":"ROYAL & SUN ALLIANCE SEGUROS DE VIDA (COLOMBIA) S.A."}, {"Id":"N/A", "nombre":"N/A"}]
