[{"Id":"01","descrip":"Atenci\u00f3n del parto (puerperio)"}, {"Id":"02","descrip":"Atenci\u00f3n del reci\u00e9n nacido"}, {"Id":"03","descrip":"Atenci\u00f3n en planificaci\u00f3n familiar"}, {"Id":"04","descrip":"Detecci\u00f3n de alteraciones de crecimiento y desarrollo del menor de diez a\u00f1os"}, {"Id":"05","descrip":"Detecci\u00f3n de alteraci\u00f3n del desarrollo joven"}, {"Id":"06","descrip":"Detecci\u00f3n de alteraciones del embarazo"}, {"Id":"07","descrip":"Detecci\u00f3n de alteraciones del adulto"}, {"Id":"08","descrip":"Detecci\u00f3n de alteraciones de agudeza visual"}, {"Id":"09","descrip":"Detecci\u00f3n de enfermedad profesional"}, {"Id":"10","descrip":"No aplica"}]
