[{"id":"1","idJSON":1,"tipoidRegPac":"AS","idRegPac":"VEN1234","otroDocumRep":"NINGUNO","nombres":"PRUEBA NOMBRE","papellido":"APELLIDO","sapellido":"SPAEDLIOO","estCivil":"SOLTERO","sexo":"F","fecNac":"1950-02-02","paisProcedencia":"242","dptoProcedencia":"16","mnpoProcedencia":"Villa Rosa","paisResidencia":"45","dptoResidencia":"54","mnpoResidencia":"874","direccionResidencia":"HOTEL VILLA ANTIGUA","zonaResidencia":"URBANO","telefono":"13234","status_migratorio":"IRREGULAR","perfilPacie":"NINGUNO","movilidadPacie":"EMIGRAR","tipoMoviliPAc":"","BDUA":"NO ASEGURADO","eapb":"","tipoPoblacion":"MIGRANTE","regimen":"5","perEtnica":"6","pueIndigena":"NA","fecha_registro":"14 de undefined de 2021","usuario_regitraid":"1094427053","usuario_regitratipoid":"CC","usuario_registrainst":"OIM","aceptaTerminos":"on","OtraDireccion":"SAN ANTONIO","correoElec":"NO NTIEN","tiemrpoingresoColo":"2 MESE","remitidoP":"","remitidoPDesc":"","otroDocumRepNum":"","rumv":"NO","rumvNum":"","PPT":"NO","PPTNum":"","estado":1},{"id":"2","idJSON":2,"tipoidRegPac":"AS","idRegPac":"VEN32118336","otroDocumRep":"NINGUNO","nombres":"ZEUS ALEJANDRO","papellido":"ARIAS","sapellido":"CASTILLO","estCivil":"SOLTERO","sexo":"M","fecNac":"2006-11-29","paisProcedencia":"45","dptoProcedencia":"54","mnpoProcedencia":"1","paisResidencia":"45","dptoResidencia":"54","mnpoResidencia":"1","direccionResidencia":"HVA","zonaResidencia":"URBANO","telefono":"12334567","status_migratorio":"IRREGULAR","perfilPacie":"NINGUNO","movilidadPacie":"RETORNAR","tipoMoviliPAc":"","BDUA":"NO ASEGURADO","eapb":"","tipoPoblacion":"MIGRANTE","regimen":"5","perEtnica":"6","pueIndigena":"NA","fecha_registro":"20 de undefined de 2021","usuario_regitraid":"1092352653","usuario_regitratipoid":"CC","usuario_registrainst":"OIM","aceptaTerminos":"on","OtraDireccion":"","correoElec":"","tiemrpoingresoColo":"8 MESES","remitidoP":"SI","remitidoPDesc":"CATM LA PARADA","otroDocumRepNum":"","rumv":"NO","rumvNum":"","PPT":"NO","PPTNum":"","estado":1},{"id":"3","idJSON":3,"tipoidRegPac":"AS","idRegPac":"VEN18616114","otroDocumRep":"NINGUNO","nombres":"GLEYDIS RAMONA","papellido":"COLON","sapellido":"DIAZ","estCivil":"SOLTERO","sexo":"F","fecNac":"1983-01-26","paisProcedencia":"242","dptoProcedencia":"4","mnpoProcedencia":"Maracay","paisResidencia":"45","dptoResidencia":"54","mnpoResidencia":"874","direccionResidencia":"HOTEL VILLA ANTIGUA","zonaResidencia":"URBANO","telefono":"3115884776","status_migratorio":"IRREGULAR","perfilPacie":"NINGUNO","movilidadPacie":"EMIGRAR","tipoMoviliPAc":"","BDUA":"NO ASEGURADO","eapb":"","tipoPoblacion":"MIGRANTE","regimen":"5","perEtnica":"6","pueIndigena":"NA","fecha_registro":"12 de Febrero de 2022","usuario_regitraid":"1092360610","usuario_regitratipoid":"CC","usuario_registrainst":"OIM","aceptaTerminos":"on","OtraDireccion":"","correoElec":"","tiemrpoingresoColo":"4 MESES","remitidoP":"SI","remitidoPDesc":"CRUZ ROJA INTERNACIONAL ","otroDocumRepNum":"","rumv":"NO","rumvNum":"","PPT":"NO","PPTNum":"","estado":1},{"id":"4","idJSON":4,"tipoidRegPac":"MS","idRegPac":"VEN104","otroDocumRep":"NINGUNO","nombres":"EDIXSON GABRIEL","papellido":"FUENMAYOR ","sapellido":"COLON","estCivil":"SOLTERO","sexo":"M","fecNac":"2011-06-13","paisProcedencia":"242","dptoProcedencia":"4","mnpoProcedencia":"Maracay","paisResidencia":"45","dptoResidencia":"54","mnpoResidencia":"874","direccionResidencia":"HOTEL VILLA ANTIGUA ","zonaResidencia":"URBANO","telefono":"3115884776","status_migratorio":"IRREGULAR","perfilPacie":"NINGUNO","movilidadPacie":"PERMANECER","tipoMoviliPAc":"","BDUA":"NO ASEGURADO","eapb":"","tipoPoblacion":"MIGRANTE","regimen":"5","perEtnica":"6","pueIndigena":"NA","fecha_registro":"12 de Febrero de 2022","usuario_regitraid":"1092358867","usuario_regitratipoid":"CC","usuario_registrainst":"OIM","aceptaTerminos":"on","OtraDireccion":"","correoElec":"","tiemrpoingresoColo":"4 MESES","remitidoP":"SI","remitidoPDesc":"CRUZ ROJA COLOMBIANA","otroDocumRepNum":"","rumv":"NO","rumvNum":"","PPT":"NO","PPTNum":"","estado":1},{"id":"5","idJSON":5,"tipoidRegPac":"MS","idRegPac":"VEN1807","otroDocumRep":"NINGUNO","nombres":"GUSTAVO GABRIEL","papellido":"FUENMAYOR","sapellido":"COLON","estCivil":"SOLTERO","sexo":"M","fecNac":"2015-05-09","paisProcedencia":"242","dptoProcedencia":"4","mnpoProcedencia":"Maracay","paisResidencia":"45","dptoResidencia":"54","mnpoResidencia":"874","direccionResidencia":"HOTEL VILLA ANTIGUA","zonaResidencia":"URBANO","telefono":"311588776","status_migratorio":"IRREGULAR","perfilPacie":"NINGUNO","movilidadPacie":"PERMANECER","tipoMoviliPAc":"","BDUA":"NO ASEGURADO","eapb":"","tipoPoblacion":"MIGRANTE","regimen":"5","perEtnica":"6","pueIndigena":"NA","fecha_registro":"12 de Febrero de 2022","usuario_regitraid":"1092358867","usuario_regitratipoid":"CC","usuario_registrainst":"OIM","aceptaTerminos":"on","OtraDireccion":"","correoElec":"","tiemrpoingresoColo":"4 MESES","remitidoP":"SI","remitidoPDesc":"CRUZ ROJA COLOMBIANA","otroDocumRepNum":"","rumv":"NO","rumvNum":"","PPT":"NO","PPTNum":"","estado":1},{"id":"6","idJSON":6,"tipoidRegPac":"MS","idRegPac":"VEN1951","otroDocumRep":"NINGUNO","nombres":"DEIKER ALEXIS","papellido":"FUENMAYOR","sapellido":"COLON","estCivil":"SOLTERO","sexo":"M","fecNac":"2017-11-25","paisProcedencia":"242","dptoProcedencia":"4","mnpoProcedencia":"Maracay","paisResidencia":"45","dptoResidencia":"54","mnpoResidencia":"874","direccionResidencia":"HOTEL VILLA ANTIGUA","zonaResidencia":"URBANO","telefono":"3115884776","status_migratorio":"IRREGULAR","perfilPacie":"NINGUNO","movilidadPacie":"PERMANECER","tipoMoviliPAc":"","BDUA":"NO ASEGURADO","eapb":"","tipoPoblacion":"MIGRANTE","regimen":"5","perEtnica":"6","pueIndigena":"NA","fecha_registro":"12 de Febrero de 2022","usuario_regitraid":"1092358867","usuario_regitratipoid":"CC","usuario_registrainst":"OIM","aceptaTerminos":"on","OtraDireccion":"","correoElec":"","tiemrpoingresoColo":"4 MESES","remitidoP":"SI","remitidoPDesc":"CRUZ ROJA COLOMBIANA","otroDocumRepNum":"","rumv":"NO","rumvNum":"","PPT":"NO","PPTNum":"","estado":1},{"id":"7","idJSON":7,"tipoidRegPac":"AS","idRegPac":"VEN4321","otroDocumRep":"NINGUNO","nombres":"PRUEBA2","papellido":"PRUEBA","sapellido":"PRUEB","estCivil":"SOLTERO","sexo":"F","fecNac":"1963-05-01","paisProcedencia":"242","dptoProcedencia":"13","mnpoProcedencia":"Bailadores","paisResidencia":"45","dptoResidencia":"54","mnpoResidencia":"874","direccionResidencia":"HOTEL VILLA ANTIGUA","zonaResidencia":"URBANO","telefono":"","status_migratorio":"IRREGULAR","perfilPacie":"NINGUNO","movilidadPacie":"PERMANECER","tipoMoviliPAc":"","BDUA":"NO ASEGURADO","eapb":"","tipoPoblacion":"","regimen":"5","perEtnica":"6","pueIndigena":"NA","fecha_registro":"13 de Febrero de 2022","usuario_regitraid":"1094427053","usuario_regitratipoid":"CC","usuario_registrainst":"OIM","aceptaTerminos":"on","OtraDireccion":"","correoElec":"","tiemrpoingresoColo":"1 MES","remitidoP":"SI","remitidoPDesc":"CRUZ ROJA COLOMBIA","otroDocumRepNum":"","rumv":"NO","rumvNum":"","PPT":"NO","PPTNum":"","estado":1},{"id":"8","idJSON":8,"tipoidRegPac":"AS","idRegPac":"VEN31438053","otroDocumRep":"NINGUNO","nombres":"YORGELIS KARINA","papellido":"SALCEDO ","sapellido":"SOLIS","estCivil":"SOLTERO","sexo":"F","fecNac":"2006-06-23","paisProcedencia":"45","dptoProcedencia":"11","mnpoProcedencia":"1","paisResidencia":"45","dptoResidencia":"54","mnpoResidencia":"874","direccionResidencia":"HOTEL VILLA ANTIGUA","zonaResidencia":"URBANO","telefono":"","status_migratorio":"IRREGULAR","perfilPacie":"NINGUNO","movilidadPacie":"RETORNAR","tipoMoviliPAc":"","BDUA":"NO ASEGURADO","eapb":"","tipoPoblacion":"MIGRANTE","regimen":"5","perEtnica":"6","pueIndigena":"NA","fecha_registro":"13 de Febrero de 2022","usuario_regitraid":"1092352653","usuario_regitratipoid":"CC","usuario_registrainst":"OIM","aceptaTerminos":"on","OtraDireccion":"HVA","correoElec":"","tiemrpoingresoColo":"5 MESES","remitidoP":"SI","remitidoPDesc":"CAST DE LOS PATIOS","otroDocumRepNum":"","rumv":"","rumvNum":"","PPT":"NO","PPTNum":"","estado":1},{"id":"9","idJSON":9,"tipoidRegPac":"AS","idRegPac":"VEN1429                                                                  ","otroDocumRep":"NINGUNO","nombres":"YONKEINER KALED","papellido":"HOYO ","sapellido":"SALCEDO","estCivil":"SOLTERO","sexo":"M","fecNac":"2020-11-23","paisProcedencia":"45","dptoProcedencia":"11","mnpoProcedencia":"1","paisResidencia":"45","dptoResidencia":"54","mnpoResidencia":"874","direccionResidencia":"HOTEL VILLA ANTIGUA ","zonaResidencia":"URBANO","telefono":"","status_migratorio":"IRREGULAR","perfilPacie":"NINGUNO","movilidadPacie":"RETORNAR","tipoMoviliPAc":"","BDUA":"NO ASEGURADO","eapb":"","tipoPoblacion":"MIGRANTE","regimen":"5","perEtnica":"6","pueIndigena":"NA","fecha_registro":"13 de Febrero de 2022","usuario_regitraid":"1092352653","usuario_regitratipoid":"CC","usuario_registrainst":"OIM","aceptaTerminos":"on","OtraDireccion":"HVA","correoElec":"","tiemrpoingresoColo":"5 MESES","remitidoP":"SI","remitidoPDesc":"CAST DE LOS PATIOS","otroDocumRepNum":"","rumv":"NO","rumvNum":"","PPT":"NO","PPTNum":"","estado":1},{"id":"10","idJSON":10,"tipoidRegPac":"AS","idRegPac":"VEN29747113","otroDocumRep":"NINGUNO","nombres":"ADAN STEVEN","papellido":"HOYO","sapellido":"MALDONADO","estCivil":"SOLTERO","sexo":"M","fecNac":"1997-05-31","paisProcedencia":"45","dptoProcedencia":"11","mnpoProcedencia":"1","paisResidencia":"45","dptoResidencia":"54","mnpoResidencia":"874","direccionResidencia":"HOTEL VILLA ANTIGUA","zonaResidencia":"URBANO","telefono":"","status_migratorio":"IRREGULAR","perfilPacie":"NINGUNO","movilidadPacie":"RETORNAR","tipoMoviliPAc":"","BDUA":"NO ASEGURADO","eapb":"","tipoPoblacion":"MIGRANTE","regimen":"5","perEtnica":"6","pueIndigena":"NA","fecha_registro":"13 de Febrero de 2022","usuario_regitraid":"1092352653","usuario_regitratipoid":"CC","usuario_registrainst":"OIM","aceptaTerminos":"on","OtraDireccion":"HVA","correoElec":"","tiemrpoingresoColo":"5 MESES","remitidoP":"SI","remitidoPDesc":"CAST DE LOS PATIOS","otroDocumRepNum":"","rumv":"NO","rumvNum":"","PPT":"NO","PPTNum":"","estado":1},{"id":"11","idJSON":11,"tipoidRegPac":"AS","idRegPac":"VEN31827687","otroDocumRep":"NINGUNO","nombres":"JOSE CLAUDIO","papellido":"HERNANDEZ","sapellido":"LIBERON","estCivil":"SOLTERO","sexo":"M","fecNac":"2005-02-19","paisProcedencia":"45","dptoProcedencia":"68","mnpoProcedencia":"1","paisResidencia":"45","dptoResidencia":"54","mnpoResidencia":"874","direccionResidencia":"HOTEL VILLA ANTIGUA","zonaResidencia":"URBANO","telefono":"","status_migratorio":"IRREGULAR","perfilPacie":"NINGUNO","movilidadPacie":"RETORNAR","tipoMoviliPAc":"","BDUA":"NO ASEGURADO","eapb":"","tipoPoblacion":"MIGRANTE","regimen":"5","perEtnica":"6","pueIndigena":"NA","fecha_registro":"13 de Febrero de 2022","usuario_regitraid":"1092352653","usuario_regitratipoid":"CC","usuario_registrainst":"OIM","aceptaTerminos":"on","OtraDireccion":"HVA","correoElec":"","tiemrpoingresoColo":"8 MESES","remitidoP":"SI","remitidoPDesc":"CAST DE LOS PATIOS","otroDocumRepNum":"","rumv":"NO","rumvNum":"","PPT":"NO","PPTNum":"","estado":1},{"id":"12","idJSON":12,"tipoidRegPac":"AS","idRegPac":"VEN32087297","otroDocumRep":"NINGUNO","nombres":"KARLA  GRISMAR","papellido":"MURILLO","sapellido":"PINEDA","estCivil":"SOLTERO","sexo":"F","fecNac":"2006-09-07","paisProcedencia":"45","dptoProcedencia":"68","mnpoProcedencia":"1","paisResidencia":"45","dptoResidencia":"54","mnpoResidencia":"874","direccionResidencia":"HOTEL VILLA ANTIGUA","zonaResidencia":"URBANO","telefono":"","status_migratorio":"IRREGULAR","perfilPacie":"NINGUNO","movilidadPacie":"RETORNAR","tipoMoviliPAc":"","BDUA":"NO ASEGURADO","eapb":"","tipoPoblacion":"MIGRANTE","regimen":"5","perEtnica":"6","pueIndigena":"NA","fecha_registro":"13 de Febrero de 2022","usuario_regitraid":"1092352653","usuario_regitratipoid":"CC","usuario_registrainst":"OIM","aceptaTerminos":"on","OtraDireccion":"HVA","correoElec":"","tiemrpoingresoColo":"8 MESES","remitidoP":"SI","remitidoPDesc":"CAST","otroDocumRepNum":"","rumv":"NO","rumvNum":"","PPT":"NO","PPTNum":"","estado":1},{"id":"13","idJSON":13,"tipoidRegPac":"AS","idRegPac":"VEN1429","otroDocumRep":"NINGUNO","nombres":"YONKEINER KALED","papellido":"HOYO","sapellido":"MALDONADO","estCivil":"SOLTERO","sexo":"M","fecNac":"2020-11-23","paisProcedencia":"242","dptoProcedencia":"5","mnpoProcedencia":"Barinas","paisResidencia":"45","dptoResidencia":"54","mnpoResidencia":"874","direccionResidencia":"HOTEL VILLA ANTIGUA","zonaResidencia":"URBANO","telefono":"","status_migratorio":"IRREGULAR","perfilPacie":"NINGUNO","movilidadPacie":"DESPLAZAMIENTO","tipoMoviliPAc":"EXTERNO","BDUA":"NO ASEGURADO","eapb":"","tipoPoblacion":"MIGRANTE","regimen":"5","perEtnica":"6","pueIndigena":"NA","fecha_registro":"13 de Febrero de 2022","usuario_regitraid":"1092352653","usuario_regitratipoid":"CC","usuario_registrainst":"OIM","aceptaTerminos":"on","OtraDireccion":"","correoElec":"","tiemrpoingresoColo":"2 DIAS","remitidoP":"SI","remitidoPDesc":"CAST DE LOS PÁTIOS","otroDocumRepNum":"","rumv":"NO","rumvNum":"","PPT":"NO","PPTNum":"","estado":1},{"id":"14","idJSON":14,"tipoidRegPac":"AS","idRegPac":"VEN23923115","otroDocumRep":"NINGUNO","nombres":"CHRISTIAN JOSE","papellido":"GONZALEZ ","sapellido":"CABALLERO","estCivil":"SOLTERO","sexo":"M","fecNac":"1995-05-24","paisProcedencia":"242","dptoProcedencia":"18","mnpoProcedencia":"Cumana","paisResidencia":"45","dptoResidencia":"54","mnpoResidencia":"874","direccionResidencia":"LOS PATIOS","zonaResidencia":"URBANO","telefono":"-1","status_migratorio":"IRREGULAR","perfilPacie":"MIGRANTE ECONOMICO","movilidadPacie":"INMIGRAR","tipoMoviliPAc":"","BDUA":"NO ASEGURADO","eapb":"","tipoPoblacion":"MIGRANTE","regimen":"5","perEtnica":"6","pueIndigena":"NA","fecha_registro":"14 de Febrero de 2022","usuario_regitraid":"1092389293","usuario_regitratipoid":"CC","usuario_registrainst":"OIM","aceptaTerminos":"on","OtraDireccion":"NO APLICA","correoElec":"NO TIENE","tiemrpoingresoColo":"14/01/2022","remitidoP":"SI","remitidoPDesc":"CASLP","otroDocumRepNum":"","rumv":"NO","rumvNum":"","PPT":"NO","PPTNum":"","estado":1},{"id":"15","idJSON":15,"tipoidRegPac":"AS","idRegPac":"VEN28134926","otroDocumRep":"NINGUNO","nombres":"JOSE VICENTE","papellido":"CARDIE","sapellido":"ROJAS","estCivil":"SOLTERO","sexo":"M","fecNac":"2001-04-20","paisProcedencia":"242","dptoProcedencia":"18","mnpoProcedencia":"Cumana","paisResidencia":"45","dptoResidencia":"54","mnpoResidencia":"874","direccionResidencia":"LOS PATIOS","zonaResidencia":"URBANO","telefono":"3125645691","status_migratorio":"IRREGULAR","perfilPacie":"MIGRANTE ECONOMICO","movilidadPacie":"INMIGRAR","tipoMoviliPAc":"","BDUA":"NO ASEGURADO","eapb":"","tipoPoblacion":"MIGRANTE","regimen":"5","perEtnica":"6","pueIndigena":"NA","fecha_registro":"14 de Febrero de 2022","usuario_regitraid":"1092389293","usuario_regitratipoid":"CC","usuario_registrainst":"OIM","aceptaTerminos":"on","OtraDireccion":"NO APLICA","correoElec":"NO APLICA","tiemrpoingresoColo":"14/01/2022","remitidoP":"SI","remitidoPDesc":"CASTLP","otroDocumRepNum":"","rumv":"NO","rumvNum":"","PPT":"NO","PPTNum":"","estado":1},{"id":"16","idJSON":16,"tipoidRegPac":"AS","idRegPac":"VEN31604762","otroDocumRep":"NINGUNO","nombres":"DAVID ALEJANDRO","papellido":"SANCHEZ ","sapellido":"PRINCE","estCivil":"SOLTERO","sexo":"M","fecNac":"2004-04-17","paisProcedencia":"242","dptoProcedencia":"4","mnpoProcedencia":"Barbacoas","paisResidencia":"45","dptoResidencia":"54","mnpoResidencia":"1","direccionResidencia":"HOTEL VILLA ANTIGUA","zonaResidencia":"URBANO","telefono":"","status_migratorio":"IRREGULAR","perfilPacie":"NINGUNO","movilidadPacie":"INMIGRAR","tipoMoviliPAc":"","BDUA":"NO ASEGURADO","eapb":"","tipoPoblacion":"","regimen":"5","perEtnica":"6","pueIndigena":"NA","fecha_registro":"17 de Febrero de 2022","usuario_regitraid":"1092352653","usuario_regitratipoid":"CC","usuario_registrainst":"OIM","aceptaTerminos":"on","OtraDireccion":"HVA","correoElec":"","tiemrpoingresoColo":"3 DIAS","remitidoP":"SI","remitidoPDesc":"CAST DE LOS PATIOS","otroDocumRepNum":"","rumv":"NO","rumvNum":"","PPT":"NO","PPTNum":"","estado":1},{"id":"17","idJSON":17,"tipoidRegPac":"AS","idRegPac":"VEN31815445","otroDocumRep":"NINGUNO","nombres":"YULEIDYS MARGARITA","papellido":"TOVAR","sapellido":"RIOS","estCivil":"SOLTERO","sexo":"F","fecNac":"2003-03-27","paisProcedencia":"242","dptoProcedencia":"4","mnpoProcedencia":"Maracay","paisResidencia":"45","dptoResidencia":"54","mnpoResidencia":"1","direccionResidencia":"HOTEL VILLA ANTIGUA","zonaResidencia":"URBANO","telefono":"","status_migratorio":"IRREGULAR","perfilPacie":"NINGUNO","movilidadPacie":"INMIGRAR","tipoMoviliPAc":"","BDUA":"NO ASEGURADO","eapb":"","tipoPoblacion":"MIGRANTE","regimen":"5","perEtnica":"6","pueIndigena":"NA","fecha_registro":"17 de Febrero de 2022","usuario_regitraid":"1092352653","usuario_regitratipoid":"CC","usuario_registrainst":"OIM","aceptaTerminos":"on","OtraDireccion":"HVA","correoElec":"","tiemrpoingresoColo":"3 DIAS","remitidoP":"SI","remitidoPDesc":"CAST DE LOS PATIOS","otroDocumRepNum":"","rumv":"NO","rumvNum":"","PPT":"NO","PPTNum":"","estado":1},{"id":"18","idJSON":18,"tipoidRegPac":"AS","idRegPac":"VEN13784505","otroDocumRep":"NINGUNO","nombres":"CARLOS ENRIQUE","papellido":"HURTADO","sapellido":"","estCivil":"SOLTERO","sexo":"M","fecNac":"1970-11-27","paisProcedencia":"242","dptoProcedencia":"2","mnpoProcedencia":"Puerto La Cruz","paisResidencia":"45","dptoResidencia":"54","mnpoResidencia":"874","direccionResidencia":"HOTEL VILLA ANTIGUA","zonaResidencia":"URBANO","telefono":"","status_migratorio":"IRREGULAR","perfilPacie":"NINGUNO","movilidadPacie":"INMIGRAR","tipoMoviliPAc":"","BDUA":"NO ASEGURADO","eapb":"","tipoPoblacion":"MIGRANTE","regimen":"5","perEtnica":"6","pueIndigena":"NA","fecha_registro":"19 de Febrero de 2022","usuario_regitraid":"1092358867","usuario_regitratipoid":"CC","usuario_registrainst":"OIM","aceptaTerminos":"on","OtraDireccion":"HVA","correoElec":"","tiemrpoingresoColo":"1 DIA","remitidoP":"SI","remitidoPDesc":"CAST DE LOS PATIOS","otroDocumRepNum":"","rumv":"NO","rumvNum":"","PPT":"NO","PPTNum":"","estado":1},{"id":"19","idJSON":19,"tipoidRegPac":"AS","idRegPac":"VEN25301909","otroDocumRep":"NINGUNO","nombres":"RUTH MARI","papellido":"HURTADO ","sapellido":"CHACON","estCivil":"SOLTERO","sexo":"F","fecNac":"1996-04-26","paisProcedencia":"242","dptoProcedencia":"2","mnpoProcedencia":"Puerto La Cruz","paisResidencia":"45","dptoResidencia":"54","mnpoResidencia":"874","direccionResidencia":"HOTEL VILLA ANTIGUA","zonaResidencia":"URBANO","telefono":"","status_migratorio":"IRREGULAR","perfilPacie":"NINGUNO","movilidadPacie":"INMIGRAR","tipoMoviliPAc":"","BDUA":"NO ASEGURADO","eapb":"","tipoPoblacion":"MIGRANTE","regimen":"5","perEtnica":"6","pueIndigena":"NA","fecha_registro":"19 de Febrero de 2022","usuario_regitraid":"1092358867","usuario_regitratipoid":"CC","usuario_registrainst":"OIM","aceptaTerminos":"on","OtraDireccion":"HVA","correoElec":"","tiemrpoingresoColo":"1 DIA","remitidoP":"SI","remitidoPDesc":"CAST DE LOS PATIOS","otroDocumRepNum":"","rumv":"NO","rumvNum":"","PPT":"NO","PPTNum":"","estado":1},{"id":"20","idJSON":20,"tipoidRegPac":"AS","idRegPac":"VEN19638246","otroDocumRep":"NINGUNO","nombres":"DAYANA ROCIO","papellido":"TOVAR","sapellido":"","estCivil":"SOLTERO","sexo":"F","fecNac":"1985-02-10","paisProcedencia":"242","dptoProcedencia":"2","mnpoProcedencia":"Puerto La Cruz","paisResidencia":"45","dptoResidencia":"54","mnpoResidencia":"1","direccionResidencia":"HOTEL VILLA ANTIGUA","zonaResidencia":"URBANO","telefono":"","status_migratorio":"IRREGULAR","perfilPacie":"NINGUNO","movilidadPacie":"INMIGRAR","tipoMoviliPAc":"","BDUA":"NO ASEGURADO","eapb":"","tipoPoblacion":"MIGRANTE","regimen":"5","perEtnica":"6","pueIndigena":"NA","fecha_registro":"19 de Febrero de 2022","usuario_regitraid":"1092358867","usuario_regitratipoid":"CC","usuario_registrainst":"OIM","aceptaTerminos":"on","OtraDireccion":"HVA","correoElec":"","tiemrpoingresoColo":"1 DIA","remitidoP":"SI","remitidoPDesc":"CAST DE LOS PATIOS","otroDocumRepNum":"","rumv":"NO","rumvNum":"","PPT":"NO","PPTNum":"","estado":1},{"id":"21","idJSON":21,"tipoidRegPac":"MS","idRegPac":"VEN31618451","otroDocumRep":"NINGUNO","nombres":"ESTEFANY ANIBER","papellido":"TOVAR","sapellido":"","estCivil":"SOLTERO","sexo":"F","fecNac":"2005-06-24","paisProcedencia":"242","dptoProcedencia":"2","mnpoProcedencia":"Puerto La Cruz","paisResidencia":"45","dptoResidencia":"54","mnpoResidencia":"874","direccionResidencia":"","zonaResidencia":"URBANO","telefono":"","status_migratorio":"IRREGULAR","perfilPacie":"NINGUNO","movilidadPacie":"INMIGRAR","tipoMoviliPAc":"","BDUA":"NO ASEGURADO","eapb":"","tipoPoblacion":"MIGRANTE","regimen":"5","perEtnica":"6","pueIndigena":"NA","fecha_registro":"19 de Febrero de 2022","usuario_regitraid":"1092358867","usuario_regitratipoid":"CC","usuario_registrainst":"OIM","aceptaTerminos":"on","OtraDireccion":"HOTEL VILLA ANTIGUA","correoElec":"","tiemrpoingresoColo":"1 DIAS","remitidoP":"SI","remitidoPDesc":"CAST DE LOS PATIOS","otroDocumRepNum":"","rumv":"NO","rumvNum":"","PPT":"NO","PPTNum":"","estado":1},{"id":"22","idJSON":22,"tipoidRegPac":"MS","idRegPac":"VEN28290785","otroDocumRep":"NINGUNO","nombres":"DARLYN YETZIBETH","papellido":"TOVAR","sapellido":"TOVAR","estCivil":"SOLTERO","sexo":"M","fecNac":"0001-02-08","paisProcedencia":"242","dptoProcedencia":"2","mnpoProcedencia":"Puerto La Cruz","paisResidencia":"45","dptoResidencia":"54","mnpoResidencia":"1","direccionResidencia":"HOTEL VILLA ANTIGUA","zonaResidencia":"URBANO","telefono":"","status_migratorio":"IRREGULAR","perfilPacie":"NINGUNO","movilidadPacie":"INMIGRAR","tipoMoviliPAc":"","BDUA":"NO ASEGURADO","eapb":"","tipoPoblacion":"MIGRANTE","regimen":"5","perEtnica":"6","pueIndigena":"NA","fecha_registro":"19 de Febrero de 2022","usuario_regitraid":"1092358867","usuario_regitratipoid":"CC","usuario_registrainst":"OIM","aceptaTerminos":"on","OtraDireccion":"HVA","correoElec":"","tiemrpoingresoColo":"1 DIA","remitidoP":"SI","remitidoPDesc":"CAST DE LOS PATIOS","otroDocumRepNum":"","rumv":"NO","rumvNum":"","PPT":"NO","PPTNum":"","estado":1},{"id":"23","idJSON":23,"tipoidRegPac":"MS","idRegPac":"VEN34495261","otroDocumRep":"ACTA DE NACIMIENTO","nombres":"MARDELIN YORMALI","papellido":"MOLINA","sapellido":"","estCivil":"SOLTERO","sexo":"F","fecNac":"2010-12-06","paisProcedencia":"242","dptoProcedencia":"2","mnpoProcedencia":"Puerto La Cruz","paisResidencia":"45","dptoResidencia":"54","mnpoResidencia":"1","direccionResidencia":"HOTEL VILLA ANTIGUA","zonaResidencia":"URBANO","telefono":"","status_migratorio":"IRREGULAR","perfilPacie":"NINGUNO","movilidadPacie":"INMIGRAR","tipoMoviliPAc":"","BDUA":"NO ASEGURADO","eapb":"","tipoPoblacion":"MIGRANTE","regimen":"5","perEtnica":"6","pueIndigena":"NA","fecha_registro":"19 de Febrero de 2022","usuario_regitraid":"1092358867","usuario_regitratipoid":"CC","usuario_registrainst":"OIM","aceptaTerminos":"on","OtraDireccion":"","correoElec":"","tiemrpoingresoColo":"1 DIA","remitidoP":"SI","remitidoPDesc":"CAST DE LOS PATIOS","otroDocumRepNum":"","rumv":"NO","rumvNum":"","PPT":"NO","PPTNum":"","estado":1},{"id":"24","idJSON":24,"tipoidRegPac":"MS","idRegPac":"VEN3495269","otroDocumRep":"NINGUNO","nombres":"MADELEY","papellido":"VANEZCA","sapellido":"MOLINA","estCivil":"SOLTERO","sexo":"F","fecNac":"2008-11-01","paisProcedencia":"242","dptoProcedencia":"2","mnpoProcedencia":"Puerto La Cruz","paisResidencia":"45","dptoResidencia":"54","mnpoResidencia":"1","direccionResidencia":"HOTEL VILLA ANTIGUA","zonaResidencia":"URBANO","telefono":"","status_migratorio":"IRREGULAR","perfilPacie":"NINGUNO","movilidadPacie":"INMIGRAR","tipoMoviliPAc":"","BDUA":"NO ASEGURADO","eapb":"","tipoPoblacion":"MIGRANTE","regimen":"5","perEtnica":"6","pueIndigena":"NA","fecha_registro":"19 de Febrero de 2022","usuario_regitraid":"1092358867","usuario_regitratipoid":"CC","usuario_registrainst":"OIM","aceptaTerminos":"on","OtraDireccion":"HVA","correoElec":"","tiemrpoingresoColo":"1 DIA","remitidoP":"SI","remitidoPDesc":"CAST DE LOS PATIOS","otroDocumRepNum":"","rumv":"NO","rumvNum":"","PPT":"NO","PPTNum":"","estado":1},{"id":"25","idJSON":25,"tipoidRegPac":"MS","idRegPac":"VEN3495269","otroDocumRep":"NINGUNO","nombres":"MADELEY","papellido":"VANEZCA","sapellido":"MOLINA","estCivil":"SOLTERO","sexo":"F","fecNac":"2008-11-01","paisProcedencia":"242","dptoProcedencia":"2","mnpoProcedencia":"Puerto La Cruz","paisResidencia":"45","dptoResidencia":"54","mnpoResidencia":"1","direccionResidencia":"HOTEL VILLA ANTIGUA","zonaResidencia":"URBANO","telefono":"","status_migratorio":"IRREGULAR","perfilPacie":"NINGUNO","movilidadPacie":"INMIGRAR","tipoMoviliPAc":"","BDUA":"NO ASEGURADO","eapb":"","tipoPoblacion":"MIGRANTE","regimen":"5","perEtnica":"6","pueIndigena":"NA","fecha_registro":"19 de Febrero de 2022","usuario_regitraid":"1092358867","usuario_regitratipoid":"CC","usuario_registrainst":"OIM","aceptaTerminos":"on","OtraDireccion":"HVA","correoElec":"","tiemrpoingresoColo":"1 DIA","remitidoP":"SI","remitidoPDesc":"CAST DE LOS PATIOS","otroDocumRepNum":"","rumv":"NO","rumvNum":"","PPT":"NO","PPTNum":"","estado":1},{"id":"26","idJSON":26,"tipoidRegPac":"MS","idRegPac":"VEN3495269","otroDocumRep":"NINGUNO","nombres":"MADELEY","papellido":"VANEZCA","sapellido":"MOLINA","estCivil":"SOLTERO","sexo":"F","fecNac":"2008-11-01","paisProcedencia":"242","dptoProcedencia":"2","mnpoProcedencia":"Puerto La Cruz","paisResidencia":"45","dptoResidencia":"54","mnpoResidencia":"1","direccionResidencia":"HOTEL VILLA ANTIGUA","zonaResidencia":"URBANO","telefono":"","status_migratorio":"IRREGULAR","perfilPacie":"NINGUNO","movilidadPacie":"INMIGRAR","tipoMoviliPAc":"","BDUA":"NO ASEGURADO","eapb":"","tipoPoblacion":"MIGRANTE","regimen":"5","perEtnica":"6","pueIndigena":"NA","fecha_registro":"19 de Febrero de 2022","usuario_regitraid":"1092358867","usuario_regitratipoid":"CC","usuario_registrainst":"OIM","aceptaTerminos":"on","OtraDireccion":"HVA","correoElec":"","tiemrpoingresoColo":"1 DIA","remitidoP":"SI","remitidoPDesc":"CAST DE LOS PATIOS","otroDocumRepNum":"","rumv":"NO","rumvNum":"","PPT":"NO","PPTNum":"","estado":1},{"id":"27","idJSON":27,"tipoidRegPac":"AS","idRegPac":"VEN26191365","otroDocumRep":"NINGUNO","nombres":"LISSANDRO JESUS ","papellido":"GIL ","sapellido":"COLMENARES","estCivil":"SOLTERO","sexo":"M","fecNac":"1994-03-11","paisProcedencia":"242","dptoProcedencia":"2","mnpoProcedencia":"Puerto La Cruz","paisResidencia":"45","dptoResidencia":"54","mnpoResidencia":"1","direccionResidencia":"HOTEL VILLA ANTIGUA","zonaResidencia":"RURAL","telefono":"","status_migratorio":"IRREGULAR","perfilPacie":"NINGUNO","movilidadPacie":"INMIGRAR","tipoMoviliPAc":"","BDUA":"NO ASEGURADO","eapb":"","tipoPoblacion":"MIGRANTE","regimen":"5","perEtnica":"6","pueIndigena":"NA","fecha_registro":"19 de Febrero de 2022","usuario_regitraid":"1092358867","usuario_regitratipoid":"CC","usuario_registrainst":"OIM","aceptaTerminos":"on","OtraDireccion":"","correoElec":"","tiemrpoingresoColo":"1 DIA","remitidoP":"SI","remitidoPDesc":"CAST DE LOS PÁTIOS","otroDocumRepNum":"","rumv":"NO","rumvNum":"","PPT":"NO","PPTNum":"","estado":1},{"id":"28","idJSON":28,"tipoidRegPac":"MS","idRegPac":"VEN1286","otroDocumRep":"NINGUNO","nombres":"SAMI ALOI","papellido":"TOVAR","sapellido":"","estCivil":"SOLTERO","sexo":"M","fecNac":"2020-01-01","paisProcedencia":"242","dptoProcedencia":"2","mnpoProcedencia":"Puerto La Cruz","paisResidencia":"45","dptoResidencia":"54","mnpoResidencia":"1","direccionResidencia":"HOTEL VILLA ANTIGUA","zonaResidencia":"URBANO","telefono":"","status_migratorio":"IRREGULAR","perfilPacie":"NINGUNO","movilidadPacie":"INMIGRAR","tipoMoviliPAc":"","BDUA":"NO ASEGURADO","eapb":"","tipoPoblacion":"MIGRANTE","regimen":"5","perEtnica":"6","pueIndigena":"NA","fecha_registro":"19 de Febrero de 2022","usuario_regitraid":"1092358867","usuario_regitratipoid":"CC","usuario_registrainst":"OIM","aceptaTerminos":"on","OtraDireccion":"HVA","correoElec":"","tiemrpoingresoColo":"1 DIA","remitidoP":"SI","remitidoPDesc":"CAST DE LOS PATIOS","otroDocumRepNum":"","rumv":"NO","rumvNum":"","PPT":"NO","PPTNum":"","estado":1},{"id":"29","idJSON":29,"tipoidRegPac":"AS","idRegPac":"VEN10315664","otroDocumRep":"NINGUNO","nombres":"ELIZABETH","papellido":"GUIOMAR","sapellido":"NUÑEZ","estCivil":"SOLTERO","sexo":"F","fecNac":"1971-09-09","paisProcedencia":"242","dptoProcedencia":"14","mnpoProcedencia":"Los Teques","paisResidencia":"45","dptoResidencia":"54","mnpoResidencia":"1","direccionResidencia":"HOTEL VILLA ANTIGUA","zonaResidencia":"URBANO","telefono":"","status_migratorio":"IRREGULAR","perfilPacie":"NINGUNO","movilidadPacie":"INMIGRAR","tipoMoviliPAc":"","BDUA":"NO ASEGURADO","eapb":"","tipoPoblacion":"MIGRANTE","regimen":"5","perEtnica":"6","pueIndigena":"NA","fecha_registro":"19 de Febrero de 2022","usuario_regitraid":"1092358867","usuario_regitratipoid":"CC","usuario_registrainst":"OIM","aceptaTerminos":"on","OtraDireccion":"HVA","correoElec":"","tiemrpoingresoColo":"2 DIAS","remitidoP":"SI","remitidoPDesc":"CAST DE LOS PATIOS","otroDocumRepNum":"","rumv":"NO","rumvNum":"","PPT":"NO","PPTNum":"","estado":1},{"id":"30","idJSON":30,"tipoidRegPac":"MS","idRegPac":"VEN110872479","otroDocumRep":"NINGUNO","nombres":"MILAN LUCIANO","papellido":"NICOLAS ","sapellido":"MARTINEZ","estCivil":"SOLTERO","sexo":"M","fecNac":"2021-08-02","paisProcedencia":"242","dptoProcedencia":"23","mnpoProcedencia":"Maracaibo","paisResidencia":"45","dptoResidencia":"54","mnpoResidencia":"1","direccionResidencia":"HOTEL VILLA ANTIGUA","zonaResidencia":"URBANO","telefono":"","status_migratorio":"IRREGULAR","perfilPacie":"NINGUNO","movilidadPacie":"INMIGRAR","tipoMoviliPAc":"","BDUA":"NO ASEGURADO","eapb":"","tipoPoblacion":"MIGRANTE","regimen":"5","perEtnica":"6","pueIndigena":"NA","fecha_registro":"19 de Febrero de 2022","usuario_regitraid":"1092358867","usuario_regitratipoid":"CC","usuario_registrainst":"OIM","aceptaTerminos":"on","OtraDireccion":"HVA","correoElec":"","tiemrpoingresoColo":"1 DIA","remitidoP":"SI","remitidoPDesc":"CAST DE LOS PATIOS","otroDocumRepNum":"","rumv":"NO","rumvNum":"","PPT":"NO","PPTNum":"","estado":1},{"id":"31","idJSON":31,"tipoidRegPac":"MS","idRegPac":"VEN91185964","otroDocumRep":"NINGUNO","nombres":"NEYTHAN JAIR","papellido":"VARGAS","sapellido":"MARTINES","estCivil":"SOLTERO","sexo":"M","fecNac":"2019-04-02","paisProcedencia":"242","dptoProcedencia":"23","mnpoProcedencia":"Maracaibo","paisResidencia":"45","dptoResidencia":"54","mnpoResidencia":"1","direccionResidencia":"HOTEL VILLA ANTIGUA","zonaResidencia":"URBANO","telefono":"","status_migratorio":"IRREGULAR","perfilPacie":"NINGUNO","movilidadPacie":"INMIGRAR","tipoMoviliPAc":"","BDUA":"NO ASEGURADO","eapb":"","tipoPoblacion":"MIGRANTE","regimen":"5","perEtnica":"6","pueIndigena":"NA","fecha_registro":"19 de Febrero de 2022","usuario_regitraid":"1092358867","usuario_regitratipoid":"CC","usuario_registrainst":"OIM","aceptaTerminos":"on","OtraDireccion":"HVA","correoElec":"","tiemrpoingresoColo":"2 DIAS","remitidoP":"SI","remitidoPDesc":"CAST DE LOS PATIOS","otroDocumRepNum":"","rumv":"NO","rumvNum":"","PPT":"NO","PPTNum":"","estado":1},{"id":"32","idJSON":32,"tipoidRegPac":"MS","idRegPac":"VEN153","otroDocumRep":"NINGUNO","nombres":"GABI ISQUIE ","papellido":"VASQUEZ","sapellido":"MARTINEZ","estCivil":"SOLTERO","sexo":"F","fecNac":"2000-02-19","paisProcedencia":"242","dptoProcedencia":"23","mnpoProcedencia":"Maracaibo","paisResidencia":"45","dptoResidencia":"54","mnpoResidencia":"1","direccionResidencia":"HOTEL VILLA ANTIGUA","zonaResidencia":"URBANO","telefono":"","status_migratorio":"IRREGULAR","perfilPacie":"NINGUNO","movilidadPacie":"INMIGRAR","tipoMoviliPAc":"","BDUA":"NO ASEGURADO","eapb":"","tipoPoblacion":"MIGRANTE","regimen":"5","perEtnica":"6","pueIndigena":"NA","fecha_registro":"19 de Febrero de 2022","usuario_regitraid":"1092358867","usuario_regitratipoid":"CC","usuario_registrainst":"OIM","aceptaTerminos":"on","OtraDireccion":"HVA","correoElec":"","tiemrpoingresoColo":"2 DIAS","remitidoP":"SI","remitidoPDesc":"CAST DE LOS PATIOS","otroDocumRepNum":"","rumv":"NO","rumvNum":"","PPT":"NO","PPTNum":"","estado":1},{"id":"33","idJSON":33,"tipoidRegPac":"MS","idRegPac":"VEN1508","otroDocumRep":"NINGUNO","nombres":"AHAN","papellido":"RONARBER","sapellido":"VASQUEZ","estCivil":"SOLTERO","sexo":"M","fecNac":"2006-11-12","paisProcedencia":"45","dptoProcedencia":"","mnpoProcedencia":"","paisResidencia":"45","dptoResidencia":"54","mnpoResidencia":"1","direccionResidencia":"HOTEL VILLA ANTIGUA","zonaResidencia":"URBANO","telefono":"","status_migratorio":"IRREGULAR","perfilPacie":"NINGUNO","movilidadPacie":"INMIGRAR","tipoMoviliPAc":"","BDUA":"NO ASEGURADO","eapb":"","tipoPoblacion":"MIGRANTE","regimen":"5","perEtnica":"6","pueIndigena":"NA","fecha_registro":"19 de Febrero de 2022","usuario_regitraid":"1092358867","usuario_regitratipoid":"CC","usuario_registrainst":"OIM","aceptaTerminos":"on","OtraDireccion":"HVA","correoElec":"","tiemrpoingresoColo":"2 DIAS","remitidoP":"SI","remitidoPDesc":"CAST DE LOS PATIOS\n\n\n\n\n\n\n\n\n\n\n\n\n\n\n\n\n\n\n\n\n\n\n\n\n\n\n\n\n\n\n\n\n\n\n\n\n\n\n\n\n\n\n\n\n\n\n\n\n\n\n\n\n\n\n\n\n\n\n\n\n\n\n\n\n\n\n\n\n\n\n\n\n\n\n\n\n\n\n\n\n\n\n\n\n\n\n\n\n\n\n\n\n\n\n\n\n\n\n\n\n\n\n\n\n\n\n\n\n\n\n\n\n\n\n\n\n","otroDocumRepNum":"","rumv":"NO","rumvNum":"","PPT":"NO","PPTNum":"","estado":1},{"id":"34","idJSON":34,"tipoidRegPac":"MS","idRegPac":"VEN1508","otroDocumRep":"NINGUNO","nombres":"AHAN","papellido":"RONARBER","sapellido":"VASQUEZ","estCivil":"SOLTERO","sexo":"M","fecNac":"2006-11-12","paisProcedencia":"45","dptoProcedencia":"","mnpoProcedencia":"","paisResidencia":"45","dptoResidencia":"54","mnpoResidencia":"1","direccionResidencia":"HOTEL VILLA ANTIGUA","zonaResidencia":"URBANO","telefono":"","status_migratorio":"IRREGULAR","perfilPacie":"NINGUNO","movilidadPacie":"INMIGRAR","tipoMoviliPAc":"","BDUA":"NO ASEGURADO","eapb":"","tipoPoblacion":"MIGRANTE","regimen":"5","perEtnica":"6","pueIndigena":"NA","fecha_registro":"19 de Febrero de 2022","usuario_regitraid":"1092358867","usuario_regitratipoid":"CC","usuario_registrainst":"OIM","aceptaTerminos":"on","OtraDireccion":"HVA","correoElec":"","tiemrpoingresoColo":"2 DIAS","remitidoP":"SI","remitidoPDesc":"CAST DE LOS PATIOS\n\n\n\n\n\n\n\n\n\n\n\n\n\n\n\n\n\n\n\n\n\n\n\n\n\n\n\n\n\n\n\n\n\n\n\n\n\n\n\n\n\n\n\n\n\n\n\n\n\n\n\n\n\n\n\n\n\n\n\n\n\n\n\n\n\n\n\n\n\n\n\n\n\n\n\n\n\n\n\n\n\n\n\n\n\n\n\n\n\n\n\n\n\n\n\n\n\n\n\n\n\n\n\n\n\n\n\n\n\n\n\n\n\n\n\n\n","otroDocumRepNum":"","rumv":"NO","rumvNum":"","PPT":"NO","PPTNum":"","estado":1},{"id":"35","idJSON":35,"tipoidRegPac":"MS","idRegPac":"VEN1508","otroDocumRep":"NINGUNO","nombres":"AHAN","papellido":"RONARBER","sapellido":"VASQUEZ","estCivil":"SOLTERO","sexo":"M","fecNac":"2006-11-12","paisProcedencia":"45","dptoProcedencia":"","mnpoProcedencia":"","paisResidencia":"45","dptoResidencia":"54","mnpoResidencia":"1","direccionResidencia":"HOTEL VILLA ANTIGUA","zonaResidencia":"URBANO","telefono":"","status_migratorio":"IRREGULAR","perfilPacie":"NINGUNO","movilidadPacie":"INMIGRAR","tipoMoviliPAc":"","BDUA":"NO ASEGURADO","eapb":"","tipoPoblacion":"MIGRANTE","regimen":"5","perEtnica":"6","pueIndigena":"NA","fecha_registro":"19 de Febrero de 2022","usuario_regitraid":"1092358867","usuario_regitratipoid":"CC","usuario_registrainst":"OIM","aceptaTerminos":"on","OtraDireccion":"HVA","correoElec":"","tiemrpoingresoColo":"2 DIAS","remitidoP":"SI","remitidoPDesc":"CAST DE LOS PATIOS\n\n\n\n\n\n\n\n\n\n\n\n\n\n\n\n\n\n\n\n\n\n\n\n\n\n\n\n\n\n\n\n\n\n\n\n\n\n\n\n\n\n\n\n\n\n\n\n\n\n\n\n\n\n\n\n\n\n\n\n\n\n\n\n\n\n\n\n\n\n\n\n\n\n\n\n\n\n\n\n\n\n\n\n\n\n\n\n\n\n\n\n\n\n\n\n\n\n\n\n\n\n\n\n\n\n\n\n\n\n\n\n\n\n\n\n\n","otroDocumRepNum":"","rumv":"NO","rumvNum":"","PPT":"NO","PPTNum":"","estado":1},{"id":"36","idJSON":36,"tipoidRegPac":"MS","idRegPac":"VEN1508","otroDocumRep":"NINGUNO","nombres":"AHAN","papellido":"RONARBER","sapellido":"VASQUEZ","estCivil":"SOLTERO","sexo":"M","fecNac":"2006-11-12","paisProcedencia":"45","dptoProcedencia":"","mnpoProcedencia":"","paisResidencia":"45","dptoResidencia":"54","mnpoResidencia":"1","direccionResidencia":"HOTEL VILLA ANTIGUA","zonaResidencia":"URBANO","telefono":"","status_migratorio":"IRREGULAR","perfilPacie":"NINGUNO","movilidadPacie":"INMIGRAR","tipoMoviliPAc":"","BDUA":"NO ASEGURADO","eapb":"","tipoPoblacion":"MIGRANTE","regimen":"5","perEtnica":"6","pueIndigena":"NA","fecha_registro":"19 de Febrero de 2022","usuario_regitraid":"1092358867","usuario_regitratipoid":"CC","usuario_registrainst":"OIM","aceptaTerminos":"on","OtraDireccion":"HVA","correoElec":"","tiemrpoingresoColo":"2 DIAS","remitidoP":"SI","remitidoPDesc":"CAST DE LOS PATIOS\n\n\n\n\n\n\n\n\n\n\n\n\n\n\n\n\n\n\n\n\n\n\n\n\n\n\n\n\n\n\n\n\n\n\n\n\n\n\n\n\n\n\n\n\n\n\n\n\n\n\n\n\n\n\n\n\n\n\n\n\n\n\n\n\n\n\n\n\n\n\n\n\n\n\n\n\n\n\n\n\n\n\n\n\n\n\n\n\n\n\n\n\n\n\n\n\n\n\n\n\n\n\n\n\n\n\n\n\n\n\n\n\n\n\n\n\n","otroDocumRepNum":"","rumv":"NO","rumvNum":"","PPT":"NO","PPTNum":"","estado":1},{"id":"37","idJSON":37,"tipoidRegPac":"MS","idRegPac":"VEN1508","otroDocumRep":"NINGUNO","nombres":"AHAN","papellido":"RONARBER","sapellido":"VASQUEZ","estCivil":"SOLTERO","sexo":"M","fecNac":"2006-11-12","paisProcedencia":"45","dptoProcedencia":"","mnpoProcedencia":"","paisResidencia":"45","dptoResidencia":"54","mnpoResidencia":"1","direccionResidencia":"HOTEL VILLA ANTIGUA","zonaResidencia":"URBANO","telefono":"","status_migratorio":"IRREGULAR","perfilPacie":"NINGUNO","movilidadPacie":"INMIGRAR","tipoMoviliPAc":"","BDUA":"NO ASEGURADO","eapb":"","tipoPoblacion":"MIGRANTE","regimen":"5","perEtnica":"6","pueIndigena":"NA","fecha_registro":"19 de Febrero de 2022","usuario_regitraid":"1092358867","usuario_regitratipoid":"CC","usuario_registrainst":"OIM","aceptaTerminos":"on","OtraDireccion":"HVA","correoElec":"","tiemrpoingresoColo":"2 DIAS","remitidoP":"SI","remitidoPDesc":"CAST DE LOS PATIOS\n\n\n\n\n\n\n\n\n\n\n\n\n\n\n\n\n\n\n\n\n\n\n\n\n\n\n\n\n\n\n\n\n\n\n\n\n\n\n\n\n\n\n\n\n\n\n\n\n\n\n\n\n\n\n\n\n\n\n\n\n\n\n\n\n\n\n\n\n\n\n\n\n\n\n\n\n\n\n\n\n\n\n\n\n\n\n\n\n\n\n\n\n\n\n\n\n\n\n\n\n\n\n\n\n\n\n\n\n\n\n\n\n\n\n\n\n","otroDocumRepNum":"","rumv":"NO","rumvNum":"","PPT":"NO","PPTNum":"","estado":1},{"id":"38","idJSON":38,"tipoidRegPac":"MS","idRegPac":"VEN1508","otroDocumRep":"NINGUNO","nombres":"AHAN","papellido":"RONARBER","sapellido":"VASQUEZ","estCivil":"SOLTERO","sexo":"M","fecNac":"2006-11-12","paisProcedencia":"45","dptoProcedencia":"","mnpoProcedencia":"","paisResidencia":"45","dptoResidencia":"54","mnpoResidencia":"1","direccionResidencia":"HOTEL VILLA ANTIGUA","zonaResidencia":"URBANO","telefono":"","status_migratorio":"IRREGULAR","perfilPacie":"NINGUNO","movilidadPacie":"INMIGRAR","tipoMoviliPAc":"","BDUA":"NO ASEGURADO","eapb":"","tipoPoblacion":"MIGRANTE","regimen":"5","perEtnica":"6","pueIndigena":"NA","fecha_registro":"19 de Febrero de 2022","usuario_regitraid":"1092358867","usuario_regitratipoid":"CC","usuario_registrainst":"OIM","aceptaTerminos":"on","OtraDireccion":"HVA","correoElec":"","tiemrpoingresoColo":"2 DIAS","remitidoP":"SI","remitidoPDesc":"CAST DE LOS PATIOS\n\n\n\n\n\n\n\n\n\n\n\n\n\n\n\n\n\n\n\n\n\n\n\n\n\n\n\n\n\n\n\n\n\n\n\n\n\n\n\n\n\n\n\n\n\n\n\n\n\n\n\n\n\n\n\n\n\n\n\n\n\n\n\n\n\n\n\n\n\n\n\n\n\n\n\n\n\n\n\n\n\n\n\n\n\n\n\n\n\n\n\n\n\n\n\n\n\n\n\n\n\n\n\n\n\n\n\n\n\n\n\n\n\n\n\n\n","otroDocumRepNum":"","rumv":"NO","rumvNum":"","PPT":"NO","PPTNum":"","estado":1},{"id":"39","idJSON":39,"tipoidRegPac":"MS","idRegPac":"VEN1508","otroDocumRep":"NINGUNO","nombres":"AHAN","papellido":"RONARBER","sapellido":"VASQUEZ","estCivil":"SOLTERO","sexo":"M","fecNac":"2006-11-12","paisProcedencia":"45","dptoProcedencia":"","mnpoProcedencia":"","paisResidencia":"45","dptoResidencia":"54","mnpoResidencia":"1","direccionResidencia":"HOTEL VILLA ANTIGUA","zonaResidencia":"URBANO","telefono":"","status_migratorio":"IRREGULAR","perfilPacie":"NINGUNO","movilidadPacie":"INMIGRAR","tipoMoviliPAc":"","BDUA":"NO ASEGURADO","eapb":"","tipoPoblacion":"MIGRANTE","regimen":"5","perEtnica":"6","pueIndigena":"NA","fecha_registro":"19 de Febrero de 2022","usuario_regitraid":"1092358867","usuario_regitratipoid":"CC","usuario_registrainst":"OIM","aceptaTerminos":"on","OtraDireccion":"HVA","correoElec":"","tiemrpoingresoColo":"2 DIAS","remitidoP":"SI","remitidoPDesc":"CAST DE LOS PATIOS\n\n\n\n\n\n\n\n\n\n\n\n\n\n\n\n\n\n\n\n\n\n\n\n\n\n\n\n\n\n\n\n\n\n\n\n\n\n\n\n\n\n\n\n\n\n\n\n\n\n\n\n\n\n\n\n\n\n\n\n\n\n\n\n\n\n\n\n\n\n\n\n\n\n\n\n\n\n\n\n\n\n\n\n\n\n\n\n\n\n\n\n\n\n\n\n\n\n\n\n\n\n\n\n\n\n\n\n\n\n\n\n\n\n\n\n\n","otroDocumRepNum":"","rumv":"NO","rumvNum":"","PPT":"NO","PPTNum":"","estado":1},{"id":"40","idJSON":40,"tipoidRegPac":"MS","idRegPac":"VEN1508","otroDocumRep":"NINGUNO","nombres":"AHAN","papellido":"RONARBER","sapellido":"VASQUEZ","estCivil":"SOLTERO","sexo":"M","fecNac":"2006-11-12","paisProcedencia":"45","dptoProcedencia":"","mnpoProcedencia":"","paisResidencia":"45","dptoResidencia":"54","mnpoResidencia":"1","direccionResidencia":"HOTEL VILLA ANTIGUA","zonaResidencia":"URBANO","telefono":"","status_migratorio":"IRREGULAR","perfilPacie":"NINGUNO","movilidadPacie":"INMIGRAR","tipoMoviliPAc":"","BDUA":"NO ASEGURADO","eapb":"","tipoPoblacion":"MIGRANTE","regimen":"5","perEtnica":"6","pueIndigena":"NA","fecha_registro":"19 de Febrero de 2022","usuario_regitraid":"1092358867","usuario_regitratipoid":"CC","usuario_registrainst":"OIM","aceptaTerminos":"on","OtraDireccion":"HVA","correoElec":"","tiemrpoingresoColo":"2 DIAS","remitidoP":"SI","remitidoPDesc":"CAST DE LOS PATIOS\n\n\n\n\n\n\n\n\n\n\n\n\n\n\n\n\n\n\n\n\n\n\n\n\n\n\n\n\n\n\n\n\n\n\n\n\n\n\n\n\n\n\n\n\n\n\n\n\n\n\n\n\n\n\n\n\n\n\n\n\n\n\n\n\n\n\n\n\n\n\n\n\n\n\n\n\n\n\n\n\n\n\n\n\n\n\n\n\n\n\n\n\n\n\n\n\n\n\n\n\n\n\n\n\n\n\n\n\n\n\n\n\n\n\n\n\n","otroDocumRepNum":"","rumv":"NO","rumvNum":"","PPT":"NO","PPTNum":"","estado":1},{"id":"41","idJSON":41,"tipoidRegPac":"MS","idRegPac":"VEN1508","otroDocumRep":"NINGUNO","nombres":"AHAN","papellido":"RONARBER","sapellido":"VASQUEZ","estCivil":"SOLTERO","sexo":"M","fecNac":"2006-11-12","paisProcedencia":"45","dptoProcedencia":"","mnpoProcedencia":"","paisResidencia":"45","dptoResidencia":"54","mnpoResidencia":"1","direccionResidencia":"HOTEL VILLA ANTIGUA","zonaResidencia":"URBANO","telefono":"","status_migratorio":"IRREGULAR","perfilPacie":"NINGUNO","movilidadPacie":"INMIGRAR","tipoMoviliPAc":"","BDUA":"NO ASEGURADO","eapb":"","tipoPoblacion":"MIGRANTE","regimen":"5","perEtnica":"6","pueIndigena":"NA","fecha_registro":"20 de Febrero de 2022","usuario_regitraid":"1092358867","usuario_regitratipoid":"CC","usuario_registrainst":"OIM","aceptaTerminos":"on","OtraDireccion":"HVA","correoElec":"","tiemrpoingresoColo":"2 DIAS","remitidoP":"SI","remitidoPDesc":"CAST DE LOS PATIOS\n\n\n\n\n\n\n\n\n\n\n\n\n\n\n\n\n\n\n\n\n\n\n\n\n\n\n\n\n\n\n\n\n\n\n\n\n\n\n\n\n\n\n\n\n\n\n\n\n\n\n\n\n\n\n\n\n\n\n\n\n\n\n\n\n\n\n\n\n\n\n\n\n\n\n\n\n\n\n\n\n\n\n\n\n\n\n\n\n\n\n\n\n\n\n\n\n\n\n\n\n\n\n\n\n\n\n\n\n\n\n\n\n\n\n\n\n","otroDocumRepNum":"","rumv":"NO","rumvNum":"","PPT":"NO","PPTNum":"","estado":1},{"id":"42","idJSON":42,"tipoidRegPac":"MS","idRegPac":"VEN353","otroDocumRep":"ACTA DE NACIMIENTO","nombres":"LIAM JAMES","papellido":"MARTINEZ","sapellido":"","estCivil":"SOLTERO","sexo":"M","fecNac":"2017-01-14","paisProcedencia":"242","dptoProcedencia":"4","mnpoProcedencia":"Maracay","paisResidencia":"45","dptoResidencia":"54","mnpoResidencia":"874","direccionResidencia":"HOTEL VILLA ANTIGUA","zonaResidencia":"URBANO","telefono":"0","status_migratorio":"IRREGULAR","perfilPacie":"NINGUNO","movilidadPacie":"DESPLAZAMIENTO","tipoMoviliPAc":"INTERNO","BDUA":"NO ASEGURADO","eapb":"","tipoPoblacion":"MIGRANTE","regimen":"5","perEtnica":"6","pueIndigena":"NA","fecha_registro":"20 de Febrero de 2022","usuario_regitraid":"1092358867","usuario_regitratipoid":"CC","usuario_registrainst":"OIM","aceptaTerminos":"on","OtraDireccion":"","correoElec":"","tiemrpoingresoColo":"2 DIAS","remitidoP":"SI","remitidoPDesc":"CAST DE LOS PATIOS","otroDocumRepNum":"353","rumv":"NO","rumvNum":"","PPT":"NO","PPTNum":"","estado":1},{"id":"43","idJSON":43,"tipoidRegPac":"AS","idRegPac":"VEN19595958","otroDocumRep":"NINGUNO","nombres":"YOULERY","papellido":"LILIANA","sapellido":"MARTINEZ ","estCivil":"SOLTERO","sexo":"F","fecNac":"1990-03-01","paisProcedencia":"242","dptoProcedencia":"4","mnpoProcedencia":"Maracay","paisResidencia":"45","dptoResidencia":"54","mnpoResidencia":"874","direccionResidencia":"HOTEL VILLA ANTIGUA ","zonaResidencia":"URBANO","telefono":"0","status_migratorio":"IRREGULAR","perfilPacie":"NINGUNO","movilidadPacie":"EMIGRAR","tipoMoviliPAc":"","BDUA":"NO ASEGURADO","eapb":"","tipoPoblacion":"MIGRANTE","regimen":"5","perEtnica":"6","pueIndigena":"NA","fecha_registro":"20 de Febrero de 2022","usuario_regitraid":"1092358867","usuario_regitratipoid":"CC","usuario_registrainst":"OIM","aceptaTerminos":"on","OtraDireccion":"","correoElec":"","tiemrpoingresoColo":"2 DIAS","remitidoP":"SI","remitidoPDesc":"CAST DE LOS PATIOS ","otroDocumRepNum":"","rumv":"NO","rumvNum":"","PPT":"NO","PPTNum":"","estado":1},{"id":"44","idJSON":44,"tipoidRegPac":"AS","idRegPac":"VEN15018673","otroDocumRep":"","nombres":"MARIA YURMARY","papellido":"DE ZAMBRANO","sapellido":"","estCivil":"SOLTERO","sexo":"F","fecNac":"1982-09-15","paisProcedencia":"242","dptoProcedencia":"8","mnpoProcedencia":"Tinaquillo","paisResidencia":"45","dptoResidencia":"54","mnpoResidencia":"874","direccionResidencia":"HOTEL VILLA ANTIGUA","zonaResidencia":"URBANO","telefono":"","status_migratorio":"IRREGULAR","perfilPacie":"REFUGIADO","movilidadPacie":"DESPLAZAMIENTO","tipoMoviliPAc":"EXTERNO","BDUA":"NO ASEGURADO","eapb":"","tipoPoblacion":"MIGRANTE","regimen":"5","perEtnica":"6","pueIndigena":"NA","fecha_registro":"20 de Febrero de 2022","usuario_regitraid":"1092360610","usuario_regitratipoid":"CC","usuario_registrainst":"OIM","aceptaTerminos":"on","OtraDireccion":"","correoElec":"","tiemrpoingresoColo":" 4 DIAS","remitidoP":"SI","remitidoPDesc":"CAST PATIOS","otroDocumRepNum":"","rumv":"","rumvNum":"","PPT":"","PPTNum":"","estado":1},{"id":"45","idJSON":45,"tipoidRegPac":"AS","idRegPac":"VEN27703545","otroDocumRep":"","nombres":"YERVIN RAFAEL ","papellido":"ANTILLANO ","sapellido":"REVERON","estCivil":"SOLTERO","sexo":"M","fecNac":"1999-10-04","paisProcedencia":"242","dptoProcedencia":"8","mnpoProcedencia":"Tinaquillo","paisResidencia":"45","dptoResidencia":"54","mnpoResidencia":"874","direccionResidencia":"HOTEL VILLA ANTIGUA","zonaResidencia":"URBANO","telefono":"","status_migratorio":"IRREGULAR","perfilPacie":"REFUGIADO","movilidadPacie":"DESPLAZAMIENTO","tipoMoviliPAc":"EXTERNO","BDUA":"NO ASEGURADO","eapb":"","tipoPoblacion":"MIGRANTE","regimen":"5","perEtnica":"6","pueIndigena":"NA","fecha_registro":"20 de Febrero de 2022","usuario_regitraid":"1092360610","usuario_regitratipoid":"CC","usuario_registrainst":"OIM","aceptaTerminos":"on","OtraDireccion":"","correoElec":"","tiemrpoingresoColo":"4 DIAS","remitidoP":"SI","remitidoPDesc":"CAST PATIOS","otroDocumRepNum":"","rumv":"","rumvNum":"","PPT":"","PPTNum":"","estado":1},{"id":"46","idJSON":46,"tipoidRegPac":"AS","idRegPac":"VEN27703545","otroDocumRep":"","nombres":"YERVIN RAFAEL ","papellido":"ANTILLANO ","sapellido":"REVERON","estCivil":"SOLTERO","sexo":"M","fecNac":"1999-10-04","paisProcedencia":"242","dptoProcedencia":"8","mnpoProcedencia":"Tinaquillo","paisResidencia":"45","dptoResidencia":"54","mnpoResidencia":"874","direccionResidencia":"HOTEL VILLA ANTIGUA","zonaResidencia":"URBANO","telefono":"","status_migratorio":"IRREGULAR","perfilPacie":"REFUGIADO","movilidadPacie":"DESPLAZAMIENTO","tipoMoviliPAc":"EXTERNO","BDUA":"NO ASEGURADO","eapb":"","tipoPoblacion":"MIGRANTE","regimen":"5","perEtnica":"6","pueIndigena":"NA","fecha_registro":"20 de Febrero de 2022","usuario_regitraid":"1092360610","usuario_regitratipoid":"CC","usuario_registrainst":"OIM","aceptaTerminos":"on","OtraDireccion":"","correoElec":"","tiemrpoingresoColo":"4 DIAS","remitidoP":"SI","remitidoPDesc":"CAST PATIOS","otroDocumRepNum":"","rumv":"","rumvNum":"","PPT":"","PPTNum":"","estado":1},{"id":"47","idJSON":47,"tipoidRegPac":"AS","idRegPac":"VEN29998149","otroDocumRep":"","nombres":"MAYERLIS CAROLINA","papellido":"MELENDEZ ","sapellido":"RODRIGUEZ","estCivil":"SOLTERO","sexo":"F","fecNac":"2002-02-18","paisProcedencia":"242","dptoProcedencia":"8","mnpoProcedencia":"Aguirre","paisResidencia":"45","dptoResidencia":"54","mnpoResidencia":"874","direccionResidencia":"HOTEL VILLA ANTIGUA","zonaResidencia":"URBANO","telefono":"","status_migratorio":"IRREGULAR","perfilPacie":"REFUGIADO","movilidadPacie":"DESPLAZAMIENTO","tipoMoviliPAc":"EXTERNO","BDUA":"NO ASEGURADO","eapb":"","tipoPoblacion":"MIGRANTE","regimen":"5","perEtnica":"6","pueIndigena":"NA","fecha_registro":"20 de Febrero de 2022","usuario_regitraid":"1092360610","usuario_regitratipoid":"CC","usuario_registrainst":"OIM","aceptaTerminos":"on","OtraDireccion":"","correoElec":"","tiemrpoingresoColo":"4 DIAS","remitidoP":"SI","remitidoPDesc":"CAST PATIOS","otroDocumRepNum":"","rumv":"","rumvNum":"","PPT":"","PPTNum":"","estado":1},{"id":"48","idJSON":48,"tipoidRegPac":"AS","idRegPac":"VEN29998149","otroDocumRep":"","nombres":"MAYERLIS CAROLINA","papellido":"MELENDEZ ","sapellido":"RODRIGUEZ","estCivil":"SOLTERO","sexo":"F","fecNac":"2002-02-18","paisProcedencia":"242","dptoProcedencia":"8","mnpoProcedencia":"Aguirre","paisResidencia":"45","dptoResidencia":"54","mnpoResidencia":"874","direccionResidencia":"HOTEL VILLA ANTIGUA","zonaResidencia":"URBANO","telefono":"","status_migratorio":"IRREGULAR","perfilPacie":"REFUGIADO","movilidadPacie":"DESPLAZAMIENTO","tipoMoviliPAc":"EXTERNO","BDUA":"NO ASEGURADO","eapb":"","tipoPoblacion":"MIGRANTE","regimen":"5","perEtnica":"6","pueIndigena":"NA","fecha_registro":"20 de Febrero de 2022","usuario_regitraid":"1092360610","usuario_regitratipoid":"CC","usuario_registrainst":"OIM","aceptaTerminos":"on","OtraDireccion":"","correoElec":"","tiemrpoingresoColo":"4 DIAS","remitidoP":"SI","remitidoPDesc":"CAST PATIOS","otroDocumRepNum":"","rumv":"","rumvNum":"","PPT":"","PPTNum":"","estado":1},{"id":"49","idJSON":49,"tipoidRegPac":"MS","idRegPac":"VEN670","otroDocumRep":"","nombres":"YIEDEN ALEXANDER","papellido":"ALVARADO","sapellido":"MELENDEZ","estCivil":"SOLTERO","sexo":"M","fecNac":"2021-05-31","paisProcedencia":"242","dptoProcedencia":"8","mnpoProcedencia":"Aguirre","paisResidencia":"45","dptoResidencia":"54","mnpoResidencia":"874","direccionResidencia":"HOTEL VILLA ANTIGUA","zonaResidencia":"URBANO","telefono":"","status_migratorio":"IRREGULAR","perfilPacie":"REFUGIADO","movilidadPacie":"DESPLAZAMIENTO","tipoMoviliPAc":"EXTERNO","BDUA":"NO ASEGURADO","eapb":"","tipoPoblacion":"MIGRANTE","regimen":"5","perEtnica":"6","pueIndigena":"NA","fecha_registro":"20 de Febrero de 2022","usuario_regitraid":"1092360610","usuario_regitratipoid":"CC","usuario_registrainst":"OIM","aceptaTerminos":"on","OtraDireccion":"","correoElec":"","tiemrpoingresoColo":"4 DIAS","remitidoP":"SI","remitidoPDesc":"CAST PATIOS","otroDocumRepNum":"","rumv":"","rumvNum":"","PPT":"","PPTNum":"","estado":1},{"id":"50","idJSON":50,"tipoidRegPac":"AS","idRegPac":"VEN23301909","otroDocumRep":"NINGUNO","nombres":"WUILMARY PAOLA","papellido":"UNIVIO ","sapellido":"ROJAS","estCivil":"SOLTERO","sexo":"F","fecNac":"2002-08-09","paisProcedencia":"242","dptoProcedencia":"19","mnpoProcedencia":"San Antonio del Tachira","paisResidencia":"45","dptoResidencia":"54","mnpoResidencia":"1","direccionResidencia":"HOTEL VILLA ANTIGUA","zonaResidencia":"URBANO","telefono":"","status_migratorio":"IRREGULAR","perfilPacie":"NINGUNO","movilidadPacie":"INMIGRAR","tipoMoviliPAc":"","BDUA":"NO ASEGURADO","eapb":"","tipoPoblacion":"MIGRANTE","regimen":"5","perEtnica":"6","pueIndigena":"NA","fecha_registro":"21 de Febrero de 2022","usuario_regitraid":"1092352653","usuario_regitratipoid":"CC","usuario_registrainst":"OIM","aceptaTerminos":"on","OtraDireccion":"HVA","correoElec":"","tiemrpoingresoColo":"2 DIAS","remitidoP":"SI","remitidoPDesc":"CAST DE LOS PATIOS","otroDocumRepNum":"","rumv":"NO","rumvNum":"","PPT":"NO","PPTNum":"","estado":1},{"id":"51","idJSON":51,"tipoidRegPac":"AS","idRegPac":"VEN28521580","otroDocumRep":"NINGUNO","nombres":"JAIBERTH JHONSUE","papellido":"MEJIA","sapellido":"CASAS","estCivil":"SOLTERO","sexo":"F","fecNac":"1999-06-22","paisProcedencia":"242","dptoProcedencia":"19","mnpoProcedencia":"San Antonio del Tachira","paisResidencia":"45","dptoResidencia":"54","mnpoResidencia":"1","direccionResidencia":"HOTEL VILLA ANTIGUA","zonaResidencia":"URBANO","telefono":"","status_migratorio":"IRREGULAR","perfilPacie":"NINGUNO","movilidadPacie":"INMIGRAR","tipoMoviliPAc":"","BDUA":"NO ASEGURADO","eapb":"","tipoPoblacion":"MIGRANTE","regimen":"5","perEtnica":"6","pueIndigena":"NA","fecha_registro":"21 de Febrero de 2022","usuario_regitraid":"1092352653","usuario_regitratipoid":"CC","usuario_registrainst":"OIM","aceptaTerminos":"on","OtraDireccion":"HVA","correoElec":"","tiemrpoingresoColo":"2 DIAS","remitidoP":"SI","remitidoPDesc":"CAST DE LOS PATIOS","otroDocumRepNum":"","rumv":"NO","rumvNum":"","PPT":"NO","PPTNum":"","estado":1},{"id":"52","idJSON":52,"tipoidRegPac":"MS","idRegPac":"VEN099491328035","otroDocumRep":"NINGUNO","nombres":"JAIRY ARALIE","papellido":"MEJIA","sapellido":"UNIVIA","estCivil":"SOLTERO","sexo":"F","fecNac":"2020-11-28","paisProcedencia":"242","dptoProcedencia":"19","mnpoProcedencia":"San Antonio del Tachira","paisResidencia":"45","dptoResidencia":"54","mnpoResidencia":"1","direccionResidencia":"HOTEL VILLA ANTIGUA","zonaResidencia":"URBANO","telefono":"","status_migratorio":"IRREGULAR","perfilPacie":"","movilidadPacie":"INMIGRAR","tipoMoviliPAc":"","BDUA":"NO ASEGURADO","eapb":"","tipoPoblacion":"MIGRANTE","regimen":"5","perEtnica":"6","pueIndigena":"NA","fecha_registro":"21 de Febrero de 2022","usuario_regitraid":"1092352653","usuario_regitratipoid":"CC","usuario_registrainst":"OIM","aceptaTerminos":"on","OtraDireccion":"HVA","correoElec":"","tiemrpoingresoColo":"2 DIAS","remitidoP":"SI","remitidoPDesc":"CAST DE LOS PATIOS","otroDocumRepNum":"","rumv":"NO","rumvNum":"","PPT":"SI","PPTNum":"","estado":1},{"id":"53","idJSON":53,"tipoidRegPac":"AS","idRegPac":"VEN22498956","otroDocumRep":"NINGUNO","nombres":"YARACELY DEL VALLE ","papellido":"ZERPA","sapellido":"VARGAS","estCivil":"SOLTERO","sexo":"F","fecNac":"1995-11-10","paisProcedencia":"242","dptoProcedencia":"4","mnpoProcedencia":"Maracay","paisResidencia":"45","dptoResidencia":"54","mnpoResidencia":"1","direccionResidencia":"HOTEL VILLA ANTIGUA","zonaResidencia":"URBANO","telefono":"","status_migratorio":"IRREGULAR","perfilPacie":"NINGUNO","movilidadPacie":"INMIGRAR","tipoMoviliPAc":"","BDUA":"NO ASEGURADO","eapb":"","tipoPoblacion":"MIGRANTE","regimen":"5","perEtnica":"6","pueIndigena":"NA","fecha_registro":"21 de Febrero de 2022","usuario_regitraid":"1092352653","usuario_regitratipoid":"CC","usuario_registrainst":"OIM","aceptaTerminos":"on","OtraDireccion":"HVA","correoElec":"","tiemrpoingresoColo":"1","remitidoP":"NO","remitidoPDesc":"CRUZ ROJA LA PARADA","otroDocumRepNum":"","rumv":"NO","rumvNum":"","PPT":"NO","PPTNum":"","estado":1},{"id":"54","idJSON":54,"tipoidRegPac":"AS","idRegPac":"VEN29617034","otroDocumRep":"NINGUNO","nombres":"JOSE ILDEMARO","papellido":"GONZALEZ","sapellido":"MARQUEZ","estCivil":"SOLTERO","sexo":"M","fecNac":"2001-04-20","paisProcedencia":"242","dptoProcedencia":"4","mnpoProcedencia":"Maracay","paisResidencia":"45","dptoResidencia":"54","mnpoResidencia":"1","direccionResidencia":"HOTEL VILLA ANTIGUA","zonaResidencia":"URBANO","telefono":"","status_migratorio":"IRREGULAR","perfilPacie":"NINGUNO","movilidadPacie":"INMIGRAR","tipoMoviliPAc":"","BDUA":"NO ASEGURADO","eapb":"","tipoPoblacion":"COMUNIDAD RECEPTORA","regimen":"5","perEtnica":"6","pueIndigena":"NA","fecha_registro":"21 de Febrero de 2022","usuario_regitraid":"1092352653","usuario_regitratipoid":"CC","usuario_registrainst":"OIM","aceptaTerminos":"on","OtraDireccion":"HVA","correoElec":"","tiemrpoingresoColo":"2 DIAS","remitidoP":"SI","remitidoPDesc":"CRUZ  ROJA LA PARADA","otroDocumRepNum":"","rumv":"NO","rumvNum":"","PPT":"NO","PPTNum":"","estado":1},{"id":"55","idJSON":55,"tipoidRegPac":"MS","idRegPac":"VEN34345140","otroDocumRep":"ACTA DE NACIMIENTO","nombres":"FRANYER JOSE","papellido":"ZERPA","sapellido":"VARGAS","estCivil":"SOLTERO","sexo":"M","fecNac":"2009-11-27","paisProcedencia":"242","dptoProcedencia":"4","mnpoProcedencia":"Maracay","paisResidencia":"45","dptoResidencia":"54","mnpoResidencia":"1","direccionResidencia":"HOTEL VILLA ANTIGUA","zonaResidencia":"URBANO","telefono":"","status_migratorio":"IRREGULAR","perfilPacie":"NINGUNO","movilidadPacie":"INMIGRAR","tipoMoviliPAc":"","BDUA":"NO ASEGURADO","eapb":"","tipoPoblacion":"MIGRANTE","regimen":"5","perEtnica":"6","pueIndigena":"NA","fecha_registro":"21 de Febrero de 2022","usuario_regitraid":"1092352653","usuario_regitratipoid":"CC","usuario_registrainst":"OIM","aceptaTerminos":"on","OtraDireccion":"HVA","correoElec":"","tiemrpoingresoColo":"2 DIAS","remitidoP":"SI","remitidoPDesc":"CRUZ ROJA DE LA PARADA","otroDocumRepNum":"","rumv":"NO","rumvNum":"","PPT":"NO","PPTNum":"","estado":1},{"id":"56","idJSON":56,"tipoidRegPac":"MS","idRegPac":"VEN832","otroDocumRep":"NINGUNO","nombres":"GENESIS YULIANYELIS","papellido":"GUTIERREZ ","sapellido":"ZERPA","estCivil":"SOLTERO","sexo":"F","fecNac":"2012-12-06","paisProcedencia":"242","dptoProcedencia":"4","mnpoProcedencia":"Maracay","paisResidencia":"45","dptoResidencia":"54","mnpoResidencia":"1","direccionResidencia":"HOTEL VILLA ANTIGUA","zonaResidencia":"URBANO","telefono":"","status_migratorio":"IRREGULAR","perfilPacie":"NINGUNO","movilidadPacie":"INMIGRAR","tipoMoviliPAc":"","BDUA":"NO ASEGURADO","eapb":"","tipoPoblacion":"MIGRANTE","regimen":"5","perEtnica":"6","pueIndigena":"NA","fecha_registro":"21 de Febrero de 2022","usuario_regitraid":"1092352653","usuario_regitratipoid":"CC","usuario_registrainst":"OIM","aceptaTerminos":"on","OtraDireccion":"HVA","correoElec":"","tiemrpoingresoColo":"2 DIAS","remitidoP":"SI","remitidoPDesc":"CRUZ ROJA DE LA PÁRADA","otroDocumRepNum":"","rumv":"NO","rumvNum":"","PPT":"NO","PPTNum":"","estado":1},{"id":"57","idJSON":57,"tipoidRegPac":"MS","idRegPac":"VEN664","otroDocumRep":"NINGUNO","nombres":"EULICES SALOMON","papellido":"GUTIERREZ","sapellido":"ZERPA","estCivil":"SOLTERO","sexo":"M","fecNac":"2011-07-18","paisProcedencia":"","paisResidencia":"45","dptoResidencia":"54","mnpoResidencia":"1","direccionResidencia":"HOTEL VILLA ANTIGUA","zonaResidencia":"URBANO","telefono":"","status_migratorio":"IRREGULAR","perfilPacie":"NINGUNO","movilidadPacie":"INMIGRAR","tipoMoviliPAc":"","BDUA":"NO ASEGURADO","eapb":"","tipoPoblacion":"MIGRANTE","regimen":"5","perEtnica":"6","pueIndigena":"NA","fecha_registro":"21 de Febrero de 2022","usuario_regitraid":"1092352653","usuario_regitratipoid":"CC","usuario_registrainst":"OIM","aceptaTerminos":"on","OtraDireccion":"HVA","correoElec":"","tiemrpoingresoColo":"2 DIAS","remitidoP":"SI","remitidoPDesc":"CRUZ ROJA DE LA PARADA","otroDocumRepNum":"","rumv":"NO","rumvNum":"","PPT":"NO","PPTNum":"","estado":1},{"id":"1","idJSON":"1","tipoidRegPac":"AS","idRegPac":"VEN2323232","otroDocumRep":"NINGUNO","nombres":"NMBRE APSEL","papellido":"APELELIDO","sapellido":"PPELLIDO2","estCivil":"SOLTERO","sexo":"F","fecNac":"1992-02-02","paisProcedencia":"242","dptoProcedencia":"3","mnpoProcedencia":"El Amparo","paisResidencia":"45","dptoResidencia":"54","mnpoResidencia":"1","direccionResidencia":"DIRRECION","zonaResidencia":"URBANO","telefono":"3112344223","status_migratorio":"IRREGULAR","perfilPacie":"NINGUNO","movilidadPacie":"EMIGRAR","tipoMoviliPAc":"","BDUA":"NO ASEGURADO","eapb":"","tipoPoblacion":"MIGRANTE","regimen":"5","perEtnica":"6","pueIndigena":"NA","fecha_registro":"14 de undefined de 2021","usuario_regitraid":"1234","usuario_regitratipoid":"CC","correoElec":"","OtraDireccion":"SAN ANTONIO","acepta":"on","tiemrpoingresoColo":"2 MESES","remitidoP":"NO","remitidoPDesc":"","usuario_registrainst":"OIM","hora_registro":"16:50:03","estado":"1","otroDocumRepNum":"","rumv":"SI","rumvNum":"222","PPT":"NO","PPTNum":""},{"id":"2","idJSON":"2","tipoidRegPac":"CE","idRegPac":"32","otroDocumRep":"NINGUNO","nombres":"NOMBRES DE","papellido":"PRUEBA","sapellido":"PRUEBAS","estCivil":"CASADO","sexo":"F","fecNac":"2007-05-14","paisProcedencia":"242","dptoProcedencia":"19","mnpoProcedencia":"San Antonio del Tachira","paisResidencia":"45","dptoResidencia":"54","mnpoResidencia":"239","direccionResidencia":"DIRECCION","zonaResidencia":"RURAL","telefono":"223333333","status_migratorio":"IRREGULAR","perfilPacie":"NINGUNO","movilidadPacie":"INMIGRAR","tipoMoviliPAc":"","BDUA":"BENEFICICARIO SISBEN","eapb":"EPS013","tipoPoblacion":"MIGRANTE","regimen":"5","perEtnica":"4","pueIndigena":"12","fecha_registro":"17 de undefined de 2021","usuario_regitraid":"1234","usuario_regitratipoid":"CC","correoElec":"QWEWQ@ASD.COM","OtraDireccion":"SAN ANTONIO","acepta":"on","tiemrpoingresoColo":"2 MESS","remitidoP":"SI","remitidoPDesc":"REMITE DONDE","usuario_registrainst":"ORGANIZACION INTERNACIONAL PARA LAS MIGRACIONES","hora_registro":"15:16:42","estado":"1","otroDocumRepNum":"","rumv":"NO","rumvNum":"","PPT":"NO","PPTNum":""}]