[
{"Id":"3","nombre":"AFGANISTAN"},
{"Id":"4","nombre":"ALBANIA"},
{"Id":"5","nombre":"ALEMANIA"},
{"Id":"6","nombre":"ANDORRA"},
{"Id":"7","nombre":"ANGOLA"},
{"Id":"8","nombre":"ANGUILLA"},
{"Id":"9","nombre":"ANTIGUA Y BARBUDA"},
{"Id":"10","nombre":"ANTILLAS HOLANDESAS"},
{"Id":"11","nombre":"ARABIA SAUDI"},
{"Id":"12","nombre":"ARGELIA"},
{"Id":"13","nombre":"ARGENTINA"},
{"Id":"14","nombre":"ARMENIA"},
{"Id":"15","nombre":"ARUBA"},
{"Id":"16","nombre":"AUSTRALIA"},
{"Id":"17","nombre":"AUSTRIA"},
{"Id":"18","nombre":"AZERBAIYAN"},
{"Id":"19","nombre":"BAHAMAS"},
{"Id":"20","nombre":"BAHREIN"},
{"Id":"21","nombre":"BANGLADESH"},
{"Id":"22","nombre":"BARBADOS"},
{"Id":"23","nombre":"BELARUS"},
{"Id":"24","nombre":"BELGICA"},
{"Id":"25","nombre":"BELICE"},
{"Id":"26","nombre":"BENIN"},
{"Id":"27","nombre":"BERMUDAS"},
{"Id":"28","nombre":"BHUTÁN"},
{"Id":"29","nombre":"BOLIVIA"},
{"Id":"30","nombre":"BOSNIA Y HERZEGOVINA"},
{"Id":"31","nombre":"BOTSWANA"},
{"Id":"32","nombre":"BRASIL"},
{"Id":"33","nombre":"BRUNEI"},
{"Id":"34","nombre":"BULGARIA"},
{"Id":"35","nombre":"BURKINA FASO"},
{"Id":"36","nombre":"BURUNDI"},
{"Id":"37","nombre":"CABO VERDE"},
{"Id":"38","nombre":"CAMBOYA"},
{"Id":"39","nombre":"CAMERUN"},
{"Id":"40","nombre":"CANADA"},
{"Id":"41","nombre":"CHAD"},
{"Id":"42","nombre":"CHILE"},
{"Id":"43","nombre":"CHINA"},
{"Id":"44","nombre":"CHIPRE"},
{"Id":"45","nombre":"COLOMBIA"},
{"Id":"46","nombre":"COMORES"},
{"Id":"47","nombre":"CONGO"},
{"Id":"48","nombre":"COREA"},
{"Id":"49","nombre":"COREA DEL NORTE "},
{"Id":"50","nombre":"COSTA DE MARFIL"},
{"Id":"51","nombre":"COSTA RICA"},
{"Id":"52","nombre":"CROACIA"},
{"Id":"53","nombre":"CUBA"},
{"Id":"54","nombre":"DINAMARCA"},
{"Id":"55","nombre":"DJIBOUTI"},
{"Id":"56","nombre":"DOMINICA"},
{"Id":"57","nombre":"ECUADOR"},
{"Id":"58","nombre":"EGIPTO"},
{"Id":"59","nombre":"EL SALVADOR"},
{"Id":"60","nombre":"EMIRATOS ARABES UNIDOS"},
{"Id":"61","nombre":"ERITREA"},
{"Id":"62","nombre":"ESLOVENIA"},
{"Id":"63","nombre":"ESPAÑA"},
{"Id":"64","nombre":"ESTADOS UNIDOS DE AMERICA"},
{"Id":"65","nombre":"ESTONIA"},
{"Id":"66","nombre":"ETIOPIA"},
{"Id":"67","nombre":"FIJI"},
{"Id":"68","nombre":"FILIPINAS"},
{"Id":"69","nombre":"FINLANDIA"},
{"Id":"70","nombre":"FRANCIA"},
{"Id":"71","nombre":"GABON"},
{"Id":"72","nombre":"GAMBIA"},
{"Id":"73","nombre":"GEORGIA"},
{"Id":"74","nombre":"GHANA"},
{"Id":"75","nombre":"GIBRALTAR"},
{"Id":"76","nombre":"GRANADA"},
{"Id":"77","nombre":"GRECIA"},
{"Id":"78","nombre":"GROENLANDIA"},
{"Id":"79","nombre":"GUADALUPE"},
{"Id":"80","nombre":"GUAM"},
{"Id":"81","nombre":"GUATEMALA"},
{"Id":"82","nombre":"GUAYANA FRANCESA"},
{"Id":"83","nombre":"GUERNESEY"},
{"Id":"84","nombre":"GUINEA"},
{"Id":"85","nombre":"GUINEA ECUATORIAL"},
{"Id":"86","nombre":"GUINEA-BISSAU"},
{"Id":"87","nombre":"GUYANA"},
{"Id":"88","nombre":"HAITI"},
{"Id":"89","nombre":"HONDURAS"},
{"Id":"90","nombre":"HONG KONG"},
{"Id":"91","nombre":"HUNGRIA"},
{"Id":"92","nombre":"INDIA"},
{"Id":"93","nombre":"INDONESIA"},
{"Id":"94","nombre":"IRAN"},
{"Id":"95","nombre":"IRAQ"},
{"Id":"96","nombre":"IRLANDA"},
{"Id":"97","nombre":"ISLA DE MAN"},
{"Id":"98","nombre":"ISLA NORFOLK"},
{"Id":"99","nombre":"ISLANDIA"},
{"Id":"100","nombre":"ISLAS ALAND"},
{"Id":"101","nombre":"ISLAS CAIMÁN"},
{"Id":"102","nombre":"ISLAS COOK"},
{"Id":"103","nombre":"ISLAS DEL CANAL"},
{"Id":"104","nombre":"ISLAS FEROE"},
{"Id":"105","nombre":"ISLAS MALVINAS"},
{"Id":"106","nombre":"ISLAS MARIANAS DEL NORTE"},
{"Id":"107","nombre":"ISLAS MARSHALL"},
{"Id":"108","nombre":"ISLAS PITCAIRN"},
{"Id":"109","nombre":"ISLAS SALOMON"},
{"Id":"110","nombre":"ISLAS TURCAS Y CAICOS"},
{"Id":"111","nombre":"ISLAS VIRGENES BRITANICAS"},
{"Id":"112","nombre":"ISLAS VÍRGENES DE LOS ESTADOS UNIDOS"},
{"Id":"113","nombre":"ISRAEL"},
{"Id":"114","nombre":"ITALIA"},
{"Id":"115","nombre":"JAMAICA"},
{"Id":"116","nombre":"JAPON"},
{"Id":"117","nombre":"JERSEY"},
{"Id":"118","nombre":"JORDANIA"},
{"Id":"119","nombre":"KAZAJSTAN"},
{"Id":"120","nombre":"KENIA"},
{"Id":"121","nombre":"KIRGUISTAN"},
{"Id":"122","nombre":"KIRIBATI"},
{"Id":"123","nombre":"KUWAIT"},
{"Id":"124","nombre":"LAOS"},
{"Id":"125","nombre":"LESOTHO"},
{"Id":"126","nombre":"LETONIA"},
{"Id":"127","nombre":"LIBANO"},
{"Id":"128","nombre":"LIBERIA"},
{"Id":"129","nombre":"LIBIA"},
{"Id":"130","nombre":"LIECHTENSTEIN"},
{"Id":"131","nombre":"LITUANIA"},
{"Id":"132","nombre":"LUXEMBURGO"},
{"Id":"133","nombre":"MACAO"},
{"Id":"134","nombre":"MACEDONIA "},
{"Id":"135","nombre":"MADAGASCAR"},
{"Id":"136","nombre":"MALASIA"},
{"Id":"137","nombre":"MALAWI"},
{"Id":"138","nombre":"MALDIVAS"},
{"Id":"139","nombre":"MALI"},
{"Id":"140","nombre":"MALTA"},
{"Id":"141","nombre":"MARRUECOS"},
{"Id":"142","nombre":"MARTINICA"},
{"Id":"143","nombre":"MAURICIO"},
{"Id":"144","nombre":"MAURITANIA"},
{"Id":"145","nombre":"MAYOTTE"},
{"Id":"146","nombre":"MEXICO"},
{"Id":"147","nombre":"MICRONESIA"},
{"Id":"148","nombre":"MOLDAVIA"},
{"Id":"149","nombre":"MONACO"},
{"Id":"150","nombre":"MONGOLIA"},
{"Id":"151","nombre":"MONTENEGRO"},
{"Id":"152","nombre":"MONTSERRAT"},
{"Id":"153","nombre":"MOZAMBIQUE"},
{"Id":"154","nombre":"MYANMAR"},
{"Id":"155","nombre":"NAMIBIA"},
{"Id":"156","nombre":"NAURU"},
{"Id":"157","nombre":"NEPAL"},
{"Id":"158","nombre":"NICARAGUA"},
{"Id":"159","nombre":"NIGER"},
{"Id":"160","nombre":"NIGERIA"},
{"Id":"161","nombre":"NIUE"},
{"Id":"162","nombre":"NORUEGA"},
{"Id":"163","nombre":"NUEVA CALEDONIA"},
{"Id":"164","nombre":"NUEVA ZELANDA"},
{"Id":"165","nombre":"OMAN"},
{"Id":"166","nombre":"OTROS PAISES  O TERRITORIOS DE AMERICA DEL NORTE"},
{"Id":"167","nombre":"OTROS PAISES O TERRITORIOS  DE SUDAMERICA"},
{"Id":"168","nombre":"OTROS PAISES O TERRITORIOS DE AFRICA"},
{"Id":"169","nombre":"OTROS PAISES O TERRITORIOS DE ASIA"},
{"Id":"170","nombre":"OTROS PAISES O TERRITORIOS DE LA UNION EUROPEA"},
{"Id":"171","nombre":"OTROS PAISES O TERRITORIOS DE OCEANIA"},
{"Id":"172","nombre":"OTROS PAISES O TERRITORIOS DEL CARIBE Y AMERICA CENTRAL"},
{"Id":"173","nombre":"OTROS PAISES O TERRITORIOS DEL RESTO DE EUROPA"},
{"Id":"174","nombre":"PAISES BAJOS"},
{"Id":"175","nombre":"PAKISTAN"},
{"Id":"176","nombre":"PALAOS"},
{"Id":"177","nombre":"PALESTINA"},
{"Id":"178","nombre":"PANAMA"},
{"Id":"179","nombre":"PAPUA NUEVA GUINEA"},
{"Id":"180","nombre":"PARAGUAY"},
{"Id":"181","nombre":"PERU"},
{"Id":"182","nombre":"POLINESIA FRANCESA"},
{"Id":"183","nombre":"POLONIA"},
{"Id":"184","nombre":"PORTUGAL"},
{"Id":"185","nombre":"PUERTO RICO"},
{"Id":"186","nombre":"QATAR"},
{"Id":"187","nombre":"REINO UNIDO"},
{"Id":"188","nombre":"REP.DEMOCRATICA DEL CONGO"},
{"Id":"189","nombre":"REPUBLICA CENTROAFRICANA"},
{"Id":"190","nombre":"REPUBLICA CHECA"},
{"Id":"191","nombre":"REPUBLICA DOMINICANA"},
{"Id":"192","nombre":"REPUBLICA ESLOVACA"},
{"Id":"193","nombre":"REUNION"},
{"Id":"194","nombre":"RUANDA"},
{"Id":"195","nombre":"RUMANIA"},
{"Id":"196","nombre":"RUSIA"},
{"Id":"197","nombre":"SAHARA OCCIDENTAL"},
{"Id":"198","nombre":"SAMOA"},
{"Id":"199","nombre":"SAMOA AMERICANA"},
{"Id":"200","nombre":"SAN BARTOLOME"},
{"Id":"201","nombre":"SAN CRISTOBAL Y NIEVES"},
{"Id":"202","nombre":"SAN MARINO"},
{"Id":"203","nombre":"SAN MARTIN (PARTE FRANCESA)"},
{"Id":"204","nombre":"SAN PEDRO Y MIQUELON "},
{"Id":"205","nombre":"SAN VICENTE Y LAS GRANADINAS"},
{"Id":"206","nombre":"SANTA HELENA"},
{"Id":"207","nombre":"SANTA LUCIA"},
{"Id":"208","nombre":"SANTA SEDE"},
{"Id":"209","nombre":"SANTO TOME Y PRINCIPE"},
{"Id":"210","nombre":"SENEGAL"},
{"Id":"211","nombre":"SERBIA"},
{"Id":"212","nombre":"SEYCHELLES"},
{"Id":"213","nombre":"SIERRA LEONA"},
{"Id":"214","nombre":"SINGAPUR"},
{"Id":"215","nombre":"SIRIA"},
{"Id":"216","nombre":"SOMALIA"},
{"Id":"217","nombre":"SRI LANKA"},
{"Id":"218","nombre":"SUDAFRICA"},
{"Id":"219","nombre":"SUDAN"},
{"Id":"220","nombre":"SUECIA"},
{"Id":"221","nombre":"SUIZA"},
{"Id":"222","nombre":"SURINAM"},
{"Id":"223","nombre":"SVALBARD Y JAN MAYEN"},
{"Id":"224","nombre":"SWAZILANDIA"},
{"Id":"225","nombre":"TADYIKISTAN"},
{"Id":"226","nombre":"TAILANDIA"},
{"Id":"227","nombre":"TANZANIA"},
{"Id":"228","nombre":"TIMOR ORIENTAL"},
{"Id":"229","nombre":"TOGO"},
{"Id":"230","nombre":"TOKELAU"},
{"Id":"231","nombre":"TONGA"},
{"Id":"232","nombre":"TRINIDAD Y TOBAGO"},
{"Id":"233","nombre":"TUNEZ"},
{"Id":"234","nombre":"TURKMENISTAN"},
{"Id":"235","nombre":"TURQUIA"},
{"Id":"236","nombre":"TUVALU"},
{"Id":"237","nombre":"UCRANIA"},
{"Id":"238","nombre":"UGANDA"},
{"Id":"239","nombre":"URUGUAY"},
{"Id":"240","nombre":"UZBEKISTAN"},
{"Id":"241","nombre":"VANUATU"},
{"Id":"242","nombre":"VENEZUELA"},
{"Id":"243","nombre":"VIETNAM"},
{"Id":"244","nombre":"WALLIS Y FORTUNA"},
{"Id":"245","nombre":"YEMEN"},
{"Id":"246","nombre":"ZAMBIA"},
{"Id":"247","nombre":"ZIMBABWE"}
] 