[{"id":"1","tipoid":"CC","numid":"1234","nombres":"USUARIO ADMINISTRADOR","profesion":"5","reg_prof":"NA","institucion":"OIM","user":"ADMIN","pass":"ADMIN","direccion":"CALLE 14 #14-10","permiso_agendar":"1","permiso_hamb":"1","permiso_procedimientos":"1","permiso_informes":"1","permiso_usuarios":"1","id_JSON":1},{"id":"42","tipoid":"CC","numid":"1094427053","nombres":"YESICA MAGALY HERNANDEZ DUARTE","profesion":"3","reg_prof":"1094427053","institucion":"OIM","user":"YESICAM","pass":"YESICAM","direccion":"HOTEL VILLA ANTIGUA","permiso_agendar":"1","permiso_hamb":"1","permiso_procedimientos":"1","permiso_informes":"1","permiso_usuarios":"1","id_JSON":2},{"id":"38","tipoid":"CC","numid":"1092360610","nombres":"DAYANAYDELINE HERNANDEZ PEÑARANDA","profesion":"4","reg_prof":"NA","institucion":"OIM","user":"DAYANAY","pass":"DAYANAY","direccion":"HOTEL VILLA ANTIGUA","permiso_agendar":"1","permiso_hamb":"1","permiso_procedimientos":"1","permiso_informes":"1","permiso_usuarios":"1","id_JSON":3},{"id":"40","tipoid":"CC","numid":"1092389293","nombres":"BRIGITH PAOLA CONDE PINTO","profesion":"4","reg_prof":"NA","institucion":"OIM","user":"BRIGITHP","pass":"BRIGITHP","direccion":"HOTEL VILLA ANTIGUA","permiso_agendar":"1","permiso_hamb":"1","permiso_procedimientos":"1","permiso_informes":"1","permiso_usuarios":"1","id_JSON":4},{"id":"41","tipoid":"CC","numid":"1092352653","nombres":"YENNIFER ASTRID MARIÑO DIAZ","profesion":"4","reg_prof":"NA","institucion":"OIM","user":"YENNIFERA","pass":"2407","direccion":"HOTEL VILLA ANTIGUA","permiso_agendar":"1","permiso_hamb":"1","permiso_procedimientos":"1","permiso_informes":"1","permiso_usuarios":"1","id_JSON":5},{"id":"39","tipoid":"CC","numid":"1092358867","nombres":"MARGARETH YULIETH MELGAREJO ZABALA","profesion":"4","reg_prof":"NA","institucion":"OIM","user":"MARGARETHY","pass":"MARGARETHY","direccion":"HOTEL VILLA ANTIGUA","permiso_agendar":"1","permiso_hamb":"1","permiso_procedimientos":"1","permiso_informes":"1","permiso_usuarios":"1","id_JSON":6},{"id":"39","tipoid":"CC","numid":"1092358867","nombres":"MARGARETH YULIETH MELGAREJO ZABALA","profesion":"4","reg_prof":"NA","institucion":"OIM","user":"MARGARETHY","pass":"MARGARETHY","direccion":"HOTEL VILLA ANTIGUA","permiso_agendar":"1","permiso_hamb":"1","permiso_procedimientos":"1","permiso_informes":"1","permiso_usuarios":"1","id_JSON":6},{"id":"39","tipoid":"CC","numid":"1092358867","nombres":"MARGARETH YULIETH MELGAREJO ZABALA","profesion":"4","reg_prof":"NA","institucion":"OIM","user":"MARGARETHY","pass":"MARGARETHY","direccion":"HOTEL VILLA ANTIGUA","permiso_agendar":"1","permiso_hamb":"1","permiso_procedimientos":"1","permiso_informes":"1","permiso_usuarios":"1","id_JSON":7},{"id":"41","tipoid":"CC","numid":"1092352653","nombres":"YENNIFER ASTRID MARIÑO DIAZ","profesion":"4","reg_prof":"NA","institucion":"OIM","user":"YENNIFERA","pass":"2407","direccion":"HOTEL VILLA ANTIGUA","permiso_agendar":"1","permiso_hamb":"1","permiso_procedimientos":"1","permiso_informes":"1","permiso_usuarios":"1","id_JSON":8},{"id":"41","tipoid":"CC","numid":"1092352653","nombres":"YENNIFER ASTRID MARIÑO DIAZ","profesion":"4","reg_prof":"NA","institucion":"OIM","user":"YENNIFERA","pass":"2407","direccion":"HOTEL VILLA ANTIGUA","permiso_agendar":"1","permiso_hamb":"1","permiso_procedimientos":"1","permiso_informes":"1","permiso_usuarios":"1","id_JSON":9},{"id":"41","tipoid":"CC","numid":"1092352653","nombres":"YENNIFER ASTRID MARIÑO DIAZ","profesion":"4","reg_prof":"NA","institucion":"OIM","user":"YENNIFERA","pass":"2407","direccion":"HOTEL VILLA ANTIGUA","permiso_agendar":"1","permiso_hamb":"1","permiso_procedimientos":"1","permiso_informes":"1","permiso_usuarios":"1","id_JSON":9},{"id":"39","tipoid":"CC","numid":"1092358867","nombres":"MARGARETH YULIETH MELGAREJO ZABALA","profesion":"4","reg_prof":"NA","institucion":"OIM","user":"MARGARETHY","pass":"MARGARETHY","direccion":"HOTEL VILLA ANTIGUA","permiso_agendar":"1","permiso_hamb":"1","permiso_procedimientos":"1","permiso_informes":"1","permiso_usuarios":"1","id_JSON":10},{"id":"39","tipoid":"CC","numid":"1092358867","nombres":"MARGARETH YULIETH MELGAREJO ZABALA","profesion":"4","reg_prof":"NA","institucion":"OIM","user":"MARGARETHY","pass":"MARGARETHY","direccion":"HOTEL VILLA ANTIGUA","permiso_agendar":"1","permiso_hamb":"1","permiso_procedimientos":"1","permiso_informes":"1","permiso_usuarios":"1","id_JSON":11},{"id":"39","tipoid":"CC","numid":"1092358867","nombres":"MARGARETH YULIETH MELGAREJO ZABALA","profesion":"4","reg_prof":"NA","institucion":"OIM","user":"MARGARETHY","pass":"MARGARETHY","direccion":"HOTEL VILLA ANTIGUA","permiso_agendar":"1","permiso_hamb":"1","permiso_procedimientos":"1","permiso_informes":"1","permiso_usuarios":"1","id_JSON":12},{"id":"39","tipoid":"CC","numid":"1092358867","nombres":"MARGARETH YULIETH MELGAREJO ZABALA","profesion":"4","reg_prof":"NA","institucion":"OIM","user":"MARGARETHY","pass":"MARGARETHY","direccion":"HOTEL VILLA ANTIGUA","permiso_agendar":"1","permiso_hamb":"1","permiso_procedimientos":"1","permiso_informes":"1","permiso_usuarios":"1","id_JSON":13},{"id":"39","tipoid":"CC","numid":"1092358867","nombres":"MARGARETH YULIETH MELGAREJO ZABALA","profesion":"4","reg_prof":"NA","institucion":"OIM","user":"MARGARETHY","pass":"MARGARETHY","direccion":"HOTEL VILLA ANTIGUA","permiso_agendar":"1","permiso_hamb":"1","permiso_procedimientos":"1","permiso_informes":"1","permiso_usuarios":"1","id_JSON":14},{"id":"39","tipoid":"CC","numid":"1092358867","nombres":"MARGARETH YULIETH MELGAREJO ZABALA","profesion":"4","reg_prof":"NA","institucion":"OIM","user":"MARGARETHY","pass":"MARGARETHY","direccion":"HOTEL VILLA ANTIGUA","permiso_agendar":"1","permiso_hamb":"1","permiso_procedimientos":"1","permiso_informes":"1","permiso_usuarios":"1","id_JSON":15}]